ID,STANDARD_VALUE,smiles
P47900,-3.017,C1CN(CC2=C1C(=CC=C2)OC3=C(C=CC=N3)NC(=O)NC4=CC=C(C=C4)OC(F)(F)F)CC5=CC=NC=C5
P47900,-2.398,CC(C)(C)C1=CC=CC=C1OC2=C(C=CC=N2)NC3=NN=C(S3)C4=CC=C(C=C4)CN(C)C
P47900,-2.114,CC1=NN(C(=C1)OC2=CC=CC=C2NC(=O)NC3=CC=C(C=C3)OC(F)(F)F)C4=CC=CC=C4C(F)(F)F
P47900,-1.89,CC1=NC2=C(C(=N1)NC)N=CN2C3CC(C(O3)COP(=O)(O)O)OP(=O)(O)O
P47900,-1.924,C1=CC(=CC(=C1)OC2=C(C=CC=N2)NC(=O)NC3=CC(=C(C=C3)Cl)Cl)C(F)(F)F
P47900,-0.643,CC(C)(C)CN1CCC2(CC1)CN(C3=C(C=CC(=C23)C(F)(F)F)O)C4=CC=CC=C4NC(=O)NC5=CC=C(C=C5)C(F)(F)F
P47900,-1.813,C1COC2=CC=CC=C2N1C3=CC=CC=C3NC(=O)NC4=CC=C(C=C4)OC(F)(F)F
P47900,-1.531,CSC1=NC2=C(C(=N1)N)N=CN2C3C(C(C(O3)COP(=O)(O)OP(=O)(O)OP(=O)(O)O)O)O
P47900,-3.462,C1=CC=C2C(=C1)C(=O)C3=C(C2=O)C(=C(C=C3NC4=CC(=C(C=C4)NC5=NC(=NC(=N5)NC6=CC=CC=C6S(=O)(=O)[O-])Cl)S(=O)(=O)[O-])S(=O)(=O)[O-])N
P47900,-1.111,CC(C)(C)CN1CCCC2(C1)CN(C3=CC=CC=C23)C4=CC=CC=C4NC(=O)NC5=CC=C(C=C5)OC(F)(F)F
P47900,-0.908,CCSC1=NSC(=N1)NC(=O)NC2=CC=CC=C2N3CC4(CCN(CC4)CC(C)(C)C)C5=C(C=CC(=C53)O)C(F)(F)F
P47900,-1.415,C1CC12CN(C3=CC=CC=C23)C4=CC=CC=C4NC(=O)NC5=CC=C(C=C5)OC(F)(F)F
P47900,-0.813,CC(C)(C)CN1CCC2(CC1)CN(C3=C(C=CC(=C23)Cl)O)C4=CC=CC=C4NC5=NN=C(S5)C6=NC=CN=C6
P47900,-2.302,CNC1=NC(=NC2=C1N=CN2C3CC(C4(C3C4)COP(=O)(O)O)OP(=O)(O)O)F
P47900,-1.82,CC(C)(C)CN1CCC2(CC1)CN(C3=C(C=CC(=C23)Cl)O)C4=CC=CC=C4NC5=NN=C(S5)C6=NC7=CC=CC=C7N=C6
P47900,-2.496,C1=CC(=CC(=C1)OC2=C(C=CC=N2)NC(=O)NC3=CC=C(C=C3)OC(F)(F)F)C(F)(F)F
P47900,-2.528,CC(C)(C)CN1CCC2(CC1)CN(C3=CC=CC=C23)C4=CC=CC=C4NC(=O)NC5=CC=C(C=C5)OC(F)(F)F
P47900,-1.477,CC1=NN(C(=C1)OC2=CC=CC=C2NC(=O)NC3=CC=C(C=C3)C4CCCCC4)C5=CC=CC=C5Cl
P47900,-0.756,CC(C)(C)CN1CCC2(CC1)CN(C3=C(C=CC(=C23)Cl)O)C4=CC=CC=C4NC5=NN=C(S5)C6=CN=C(C=C6)C(F)(F)F
P47900,-6.26,C1=CC(=CC(=C1)NC(=O)NC2=CC=CC(=C2)C(=O)NC3=C(C=CC(=C3)C(=O)NC4=C5C(=CC(=CC5=C(C=C4)S(=O)(=O)[O-])S(=O)(=O)[O-])S(=O)(=O)[O-])F)C(=O)NC6=C(C=CC(=C6)C(=O)NC7=C8C(=CC(=CC8=C(C=C7)S(=O)(=O)[O-])S(=O)(=O)[O-])S(=O)(=O)[O-])F
P47900,-1.301,CCC1=CC=CC=C1N2C(=CC(=N2)C)OC3=CC=CC=C3NC(=O)NC4=CC=C(C=C4)C(C)C
P47900,-0.875,CNC1=NC(=NC2=C1N=CN2C3C4CC4(C(C3O)O)COP(=O)(O)OP(=O)(O)OP(=O)(O)O)Cl
P47900,-0.987,CC(C)(C)CN1CCC2(CC1)CN(C3=C(C=CC(=C23)C#N)O)C4=CC=CC=C4NC5=NN=C(S5)C6=CC=C(C=C6)C(C)(C)C
P47900,-3.436,CC(C)(C)C1=CC=CC=C1OC2=C(C=CC=N2)NC3=NN=CS3
P47900,-2.462,CC1=NN(C(=C1)OC2=CC=CC=C2NC(=O)NC3=CC=C(C=C3)OC(F)(F)F)C4=CC=CC=C4
P47900,-3.653,C1CNCCC12CN(C3=CC=CC=C23)C4=CC=CC=C4NC(=O)NC5=CC=C(C=C5)OC(F)(F)F
P47900,0.398,CSC1=NC2=C(C(=N1)N)N=CN2C3C4CC4(C(C3O)O)COP(=O)(O)OP(=O)(O)O
P47900,-1.447,CC(C)(C)CN1CCC2(CC1)CN(C3=C(C=CC(=C23)Cl)O)C4=CC=CC=C4NC5=NN=C(S5)C6=CC=CC=C6Cl
P47900,-1.398,CC(C)(C)C1=CC=CC=C1OC2=C(C=CC=N2)NC(=O)NC3=C(C=C(C=C3)N4CCOCC4)F
P47900,-1.041,CC1=CC=CC=C1C2=C(N=C(S2)NC3=C(N=CC=C3)OC4=CC=CC=C4C(C)(C)C)C(F)(F)F
P47900,-1.013,CC(C)CN1CCC2=C(C1)SC(=N2)NC(=O)NC3=CC=CC=C3N4CC5(CCN(CC5)CC(C)(C)C)C6=C(C=CC(=C64)O)Cl
P47900,-0.813,CC(C)(C)CN1CCC2(CC1)CN(C3=C(C=CC(=C23)Cl)O)C4=CC=CC=C4NC(=O)NC5=NC6=C(S5)N=C(C=C6)F
P47900,-3.342,C1CN(CC2=C1C(=CC=C2)OC3=C(C=CC=N3)NC(=O)NC4=CC=C(C=C4)OC(F)(F)F)CC5=CC(=CC=C5)O
P47900,-1.771,CC(C)(C)C1=CC=CC=C1OC2=C(C=CC=N2)NC3=NC=C(O3)C4=CC=CC=C4
P47900,-1.568,CC(C)(C)CN1CCC2(CC1)CN(C3=C2C(=C(C=C3O)F)F)C4=CC=CC=C4NC5=NN=C(S5)C6=CC=C(C=C6)OC(F)(F)F
P47900,-3.431,CC1=NN(C(=C1)OC2=CC=CC=C2NC(=O)NC3=CC=C(C=C3)F)C4=CC=CC=C4
P47900,-1.255,CC(C)(C)C1=CC=CC=C1OC2=C(C=CC=N2)NC(=O)NC3=CC=C(C=C3)C4(CC4)COC
P47900,-2.531,CC(C)(C)C1=CC=CC=C1OC2=C(C=CC=N2)NC3=NN=C(S3)C4=CN=CC=C4
P47900,-1.412,CC(C)(C)CN1CCC2(CC1)CN(C3=C(C=CC(=C23)Cl)O)C4=C(C=CC=N4)NC(=O)NC5=NC6=C(S5)C=C(C=C6)F
P47900,-3.362,CC(C)C1=CC=CC=C1C2=CC3=C(O2)C(=CC=C3)NC(=O)NC4=CC=C(C=C4)OC(F)(F)F
P47900,-3.162,CC1(CN(C2=C(C=CC(=C21)Cl)O)C3=CC=CC=C3NC(=O)NC4=CC=C(C=C4)OC(F)(F)F)CC(F)(F)F
P47900,-1.716,CC(C)(C)C1=CC=CC=C1OC2=C(C=CC=N2)NC(=O)NC3=C(C=C(C=C3)OCC(C)(C)CN(C)C)F
P47900,-3.78,C1C(C(OC1N2C=NC3=C2N=CN=C3N)COP(=O)(O)O)OP(=O)(O)O
P47900,-1.255,CSC1=NC2=C(C(=N1)N)N=CN2C3C(C(C(O3)COP(=O)(O)OP(=O)(O)O)O)O
P47900,-3.446,CCCCCCSC1=NC2=C(C(=N1)N)N=CN2C3C(C(C(O3)COP(=S)([O-])[O-])O)O
P47900,-1.519,CC(C)(C)CN1CCC2(CC1)CN(C3=C(C=CC(=C23)Cl)O)C4=CC=CC=C4NC5=NN=C(S5)C6=CC(=NN6C)C(C)(C)C
P47900,-1.38,CC(C)(C)CN1CCC2(CC1)CN(C3=C(C=CC(=C23)Cl)O)C4=CC=CC=C4NC5=NN=C(S5)C6=CC(=CC=C6)C(F)(F)F
P47900,-1.07,CC(C)(C)CN1CCC2(CC1)CN(C3=C2C=CN=C3)C4=CC=CC=C4NC(=O)NC5=CC=C(C=C5)OC(F)(F)F
P47900,-3.079,CC1=NN(C(=C1)OC2=CC=CC=C2NC(=O)NC3=CC=C(C=C3)C4=CN=CO4)C5=CC=CC=C5Cl
P47900,-0.279,CC(C)C1=NSC(=N1)NC(=O)NC2=CC=CC=C2N3CC4(CCN(CC4)CC(C)(C)C)C5=C(C=CC(=C53)O)F
P47900,-2.525,CCC1C(C(C2=CC=CC=C2N1C(=O)NC3=CC(=CC(=C3)Cl)Cl)NC4=CC=CC=C4)C
P47900,-3,CCC1C(C(C2=CC=CC=C2N1C(=O)NC3=CC=CC=C3)NC4=CC=CC=C4)C
P47900,-0.903,CC1=CC=C(C=C1)C2=C(N=C(S2)NC3=C(N=CC=C3)OC4=CC=CC=C4C(C)(C)C)C(F)(F)F
P47900,-3.061,CCC1C(C(C2=CC=CC=C2N1C(=O)NC3=CC=C(C=C3)Cl)NC4=CC=CC=C4)C
P47900,-1.778,CC1=NN(C(=C1)OC2=CC=CC=C2NC(=O)NC3=CC=C(C=C3)OC(F)(F)F)C4=CC=CC=C4C(C)C
P47900,-2.813,CCC1C(C(C2=CC=CC=C2N1C(=O)NC3=CC(=CC=C3)Cl)NC4=CC=CC=C4)C
P47900,-1.327,C1CN(CCC12CN(C3=CC=CC=C23)C4=CC=CC=C4NC(=O)NC5=CC=C(C=C5)OC(F)(F)F)C(=O)OCC6=CC=CC=C6
P47900,-2.772,CC(C)(C)C1=CC=CC=C1OC2=C(C=CC=N2)NC(=O)NC3=CC=C(C=C3)N4CCN(CC4)C
P47900,-0.568,CC(C)(C)CN1CCC2(CC1)CN(C3=C(C=CC(=C23)F)O)C4=CC=CC=C4NC(=O)NC5=NC6=C(S5)C=C(C=C6)Cl
P47900,-4.13,C1CN(CCC12CN(C3=CC=CC=C23)C4=CC=CC=C4NC(=O)NC5=CC=C(C=C5)OC(F)(F)F)CC(=O)O
P47900,-1.041,CC(C)(C)C1=CC=CC=C1OC2=C(C=CC=N2)NC(=O)NC3=C(C=C(C=C3)OCC4CCN(CC4)CC5=CC=CC=C5)F
P47900,-0.903,CC(C)(C)CN1CCC2(CC1)CN(C3=C(C=CC(=C23)C(=O)OC)O)C4=CC=CC=C4NC5=NN=C(S5)C6=CC=C(C=C6)C(C)(C)C
P47900,-1.031,C1CC2(C1)CN(C3=CC=CC=C23)C4=CC=CC=C4NC(=O)NC5=CC=C(C=C5)OC(F)(F)F
P47900,-3.688,C1C(CC(C1COP(=O)(O)O)OP(=O)(O)O)N2C=NC3=C2N=CN=C3N
P47900,-0.748,CC1=CC2=C(C=C1)N=C(S2)NC(=O)NC3=CC=CC=C3N4CC5(CCN(CC5)CC(C)(C)C)C6=C(C=CC(=C64)O)Cl
P47900,-3.768,CNC1=NC=NC2=C1N=CN2C3CC(C(OC3)COP(=O)(O)OP(=O)(O)OP(=O)(O)O)O
P47900,-1.301,CC1=CC=C(C=C1)NC(=O)NC2=C(N=CC=C2)SC3=CC=CC=C3C(C)(C)C
P47900,-0.82,CC1=NN(C(=C1)C2=NN=C(S2)NC3=CC=CC=C3N4CC5(CCN(CC5)CC(C)(C)C)C6=C(C=CC(=C64)O)Cl)C
P47900,-2.753,CNC1=NC(=NC2=C1N=CN2C3CC(C(OC3)COP(=O)(O)O)OP(=O)(O)O)Cl
P47900,-1.697,C1C(C2CC2(C1OP(=O)(O)O)COP(=O)(O)O)N3C=NC4=C3N=C(N=C4N)I
P47900,-1.305,CC(C)(C)CN1CCC2(CC1)CN(C3=C2C(=CC(=C3O)F)C4=CC=C(C=C4)Cl)C5=CC=CC=C5NC(=O)NC6=CC=C(C=C6)OC(F)(F)F
P47900,-2.708,CC(C)(C)CN1CCC2(CC1)CN(C3=C(C=CC(=C23)Cl)O)C4=CC=CC=C4NC5=NN=C(C=C5)C6=CC=CC=C6
P47900,-3.775,CNC1=NC(=NC2=C1N=CN2C3CC(C(C3)OP(=O)(O)O)COP(=O)(O)O)N
P47900,-0.863,CCSC1=NSC(=N1)NC(=O)NC2=CC=CC=C2N3CC4(CCN(CC4)CC(C)(C)C)C5=C(C=CC(=C53)O)Cl
P47900,-1,C1CC(OC1COP(=O)(O)OP(=O)(O)OP(=O)(O)O)N2C=NC3=C2N=CN=C3N
P47900,-1.441,CC(C)(C)CN1CCC2(CC1)CN(C3=C(C=CC(=C23)Cl)O)C4=CC=CC=C4NC5=NN=C(O5)C6=CC=CC=C6
P47900,-1.125,CSC1=NC2=C(C(=N1)N)N=CN2C3C4CC4(C(C3O)O)COP(=O)(O)OP(=O)(O)OP(=O)(O)O
P47900,-0.82,CC(C)C1=NC(=CS1)NC(=O)NC2=CC=CC=C2N3CC4(CCN(CC4)CC(C)(C)C)C5=C(C=CC(=C53)O)C(F)(F)F
P47900,-0.833,CC(C)(C)CN1CCC2(CC1)CN(C3=C(C=CC(=C23)Cl)O)C4=CC=CC=C4NC5=NN=C(S5)C6=CC=CC=N6
P47900,-0.643,CC(C)C1=NSC(=N1)NC(=O)NC2=CC=CC=C2N3CC4(CCN(CC4)CC(C)(C)C)C5=C(C=CC(=C53)O)Cl
P47900,-1.176,CC(C)(C)C1=CC=CC=C1OC2=C(C=CC=N2)NC3=NC=C(S3)C4=CC=CC=C4
P47900,-3.4,C1=NC2=C(C(=N1)N)N=CN2C3C(C(C(O3)COP(=O)(O)O)OP(=O)(O)O)O
P47900,-2.176,CC(C)CN1CCC(CC1)C2=CC=CC=C2OC3=C(C=CC=N3)NC(=O)NC4=CC=C(C=C4)OC(F)(F)F
P47900,-1.362,CC(C)(C)CN1CCC2(CC1)CN(C3=C(C=CC(=C23)Cl)O)C4=CC=CC=C4NC5=NN=C(S5)C6=CC(=CC=C6)F
P47900,-1.699,CCC1=CC=CC=C1N2C(=CC(=N2)C)OC3=CC=CC=C3NC(=O)NC4=CC=C(C=C4)OC(F)(F)F
P47900,-0.973,CC(C)(C)CN1CCC2(CC1)CN(C3=C(C=CC(=C23)Cl)O)C4=CC=CC=C4NC(=O)NC5=NC6=C(S5)C=C(C=C6)OC
P47900,-4.876,CC1=NC2=C(N1C3CC(C(O3)COP(=O)(O)O)OP(=O)(O)O)N=CN=C2N
P47900,-1.079,CC(C)(C)CN1CCC2(CC1)CN(C3=C(C=CC(=C23)C(F)(F)F)O)C4=CC=CC=C4NC5=NN=C(S5)C6=CC(=CC=C6)F
P47900,-2.431,C1=CC=C(C=C1)N2C(=CC=N2)OC3=CC=CC=C3NC(=O)NC4=CC=C(C=C4)OC(F)(F)F
P47900,-0.792,CC(C)(C)CN1CCC2(CC1)CN(C3=C(C=CC(=C23)C(F)(F)F)O)C4=CC=CC=C4NC(=O)NC5=CSC(=N5)Cl
P47900,-2.956,CNC1=C2C(=NC=C1)N(C=N2)C3CC(C(O3)COP(=O)(O)O)OP(=O)(O)O
P47900,-2.94,CC(C)(C)C1=CC=CC=C1OC2=C(C=CC=N2)NC3=NNC(=C3)C4=CC=CC=C4
P47900,-1.253,CC(C)C(=O)N1CCC2=C(C1)SC(=N2)NC(=O)NC3=CC=CC=C3N4CC5(CCN(CC5)CC(C)(C)C)C6=C(C=CC(=C64)O)Cl
P47900,-1.477,CC1=NN(C(=C1)OC2=CC=CC=C2NC(=O)NC3=CC=C(C=C3)C4CCCC4)C5=CC=CC=C5Cl
P47900,-0.756,CC(C)(C)CN1CCC2(CC1)CN(C3=C(C=CC(=C23)C#N)O)C4=CC=CC=C4NC(=O)NC5=NC6=C(S5)C=C(C=C6)Cl
P47900,-1.199,CCN(CC)S(=O)(=O)C1=C2C(=C(C=C1)O)N(CC23CCN(CC3)CC(C)(C)C)C4=CC=CC=C4NC(=O)NC5=NC6=C(S5)C=C(C=C6)Cl
P47900,-1.204,CC(C)(C)CN1CCC2(CC1)CN(C3=C(C=CC(=C23)Cl)O)C4=CC=CC=C4NC5=NN=C(S5)C6=CC(=CC=C6)Cl
P47900,-1.033,CC(C)(C)CN1CCC2(CC1)CN(C3=C(C=CC(=C23)Cl)O)C4=CC=CC=C4NC(=O)NC5=NC6=C(S5)C=C(C=C6)[N+](=O)[O-]
P47900,-1.255,CC(C)(C)C1=CC=CC=C1OC2=C(C=CC=N2)NC(=O)NC3=C(C=C(C=C3)F)F
P47900,-1.161,CC(C)(C)CN1CCC2(CC1)CN(C3=C(C=CC(=C23)C(F)(F)F)O)C4=CC=CC=C4NC(=O)NC5=NC6=C(S5)C=C(C=C6)OC
P47900,-2.228,C1=CC(=CC(=C1)OC2=C(C=CC=N2)NC(=O)NC3=CC(=CC(=C3)Cl)Cl)C(F)(F)F
P47900,-2.449,CC(C)(C)CN1CCC2(CC1)CN(C3=C2C(=C(C=C3O)F)C4=CN=C(C=C4)C(F)(F)F)C5=CC=CC=C5NC(=O)NC6=CSC(=N6)C(F)(F)F
P47900,-1.021,CC(C)(C)CN1CCC2(CC1)CN(C3=C2C(=C(C=C3O)F)F)C4=CC=CC=C4NC(=O)NC5=CC=C(C=C5)C(C)(C)C
P47900,-2.415,C1CN(CC2=C1C(=CC=C2)OC3=C(C=CC=N3)NC(=O)NC4=CC=C(C=C4)OC(F)(F)F)CC5=CC=CC=C5O
P47900,-3.14,CC(C)C1=CC=CC=C1C2=CC3=C(O2)C(=CC=C3)NC(=O)NC4=CC=C(C=C4)Cl
P47900,-2.789,CSC1=NC2=C(C(=N1)N)N=CN2C3CC(C4(C3C4)COP(=O)(O)O)OP(=O)(O)O
P47900,-4.623,CC1=C(ON=C1C)NS(=O)(=O)C2=CC=C(C=C2)NC(=O)NC3=CC(=C(C=C3)F)Cl
P47900,-1.1,CC(C)(C)CN1CCC2(CC1)CN(C3=C2C(=C(C=C3O)F)Cl)C4=CC=CC=C4NC(=O)NC5=NC6=C(S5)N=C(C=C6)F
P47900,-2.291,CC1(CN(C2=C1C(=CC(=C2O)F)C3=CC=C(C=C3)F)C4=CC=CC=C4NC(=O)NC5=CC=C(C=C5)OC(F)(F)F)C
P47900,-5,CC1=C(ON=C1C)NS(=O)(=O)C2=CC=C(C=C2)NC(=O)NC3=CC(=CC=C3)Cl
P47900,-0.813,CC(C)CN1CCC2(CC1)CN(C3=C(C=CC(=C23)Cl)O)C4=CC=CC=C4NC(=O)NC5=CC=C(C=C5)C(F)(F)F
P47900,-0.903,CC(C)(C)C1=CC=CC=C1OC2=C(C=CC=N2)NC3=NC(=C(S3)C4=CC(=CC=C4)OC)C(F)(F)F
P47900,-3.778,COC1=NC(=NC(=C1)NS(=O)(=O)C2=CC=C(C=C2)NC(=O)NC3=CC(=CC=C3)Cl)OC
P47900,0.886,CC(C)(C)CN1CCC2(CC1)CN(C3=C(C=CC(=C23)S(=O)(=O)N(C)C)O)C4=CC=CC=C4NC(=O)NC5=CC=C(C=C5)OC(F)(F)F
P47900,-3.342,CC(C)CN1CCC2(CC1)CN(C3=CC=CC=C23)C4=CC=CC=C4NC(=O)NC5=CC=C(C=C5)OC(F)(F)F
P47900,-1.342,CC1=CC=CC(=C1)C2=NN=C(S2)NC3=CC=CC=C3N4CC5(CCN(CC5)CC(C)(C)C)C6=C(C=CC(=C64)O)Cl
P47900,-1.079,CCC1=C(SC(=N1)NC2=C(N=CC=C2)OC3=CC=CC=C3C(C)(C)C)C4=CC=CC=C4
P47900,-1.396,CC(C)(C)CN1CCC2(CC1)CN(C3=C2C(=C(C=C3O)F)C4=CC=C(C=C4)Cl)C5=CC=CC=C5NC(=O)NC6=NC7=C(S6)N=C(C=C7)Cl
P47900,-0.813,CC(C)(C)CN1CCC2(CC1)CN(C3=C(C=CC(=C23)Cl)O)C4=CC=CC=C4NC(=O)NC5=NC6=C(S5)CSCC6
P47900,-2.255,CCC1=CC=CC=C1N2C(=CC(=N2)C)OC3=CC=CC=C3NC(=O)NC4=CC=C(C=C4)OC5=CC=CC=C5
P47900,-1.09,CC(C)(C)CN1CCC2(CC1)CN(C3=C2C(=C(C=C3O)F)C4=CC=C(C=C4)Cl)C5=CC=CC=C5NC(=O)NC6=CC=C(C=C6)OC(F)(F)F
P47900,-1.255,CC1=C(SC(=N1)NC2=CC=CC=C2N3CC4(CCN(CC4)CC(C)(C)C)C5=CC=CC=C53)C(=O)OC
P47900,-1.604,CC(C)(C)CN1CCC2(CC1)CN(C3=C(C=CC(=C23)Cl)O)C4=CC=CC=C4NC5=NN=C(S5)C6=CC=NC=C6
P47900,-0.996,CC(C)(C)CN1CCC2(CC1)CCN(C3=CC=CC=C23)C4=CC=CC=C4NC(=O)NC5=CC=C(C=C5)OC(F)(F)F
P47900,-3.19,CCOC(=O)C1(CN(C2=C(C=CC(=C21)Cl)O)C3=CC=CC=C3NC(=O)NC4=CC=C(C=C4)OC(F)(F)F)C
P47900,1.222,CC(C)(C)CN1CCC2(CC1)CN(C3=C(C=CC(=C23)Cl)O)C4=CC=CC=C4NC(=O)NC5=NC6=C(S5)C=C(C=C6)F
P47900,-3.653,C1CN(CCC12CN(C3=CC=CC=C23)C4=CC=CC=C4NC(=O)NC5=CC=C(C=C5)OC(F)(F)F)CCO
P47900,-2.771,CSC1=NC2=C(C(=N1)N)N=CN2C3C4CC4(C(C3O)O)COP(=O)(O)O
P47900,-0.845,CC(C)(C)C1=CC=CC=C1OC2=C(C=CC=N2)NC(=O)NC3=CC=C(C=C3)C4(CC4)C(=O)OC
P47900,-2.898,CNC1=NC(=NC2=C1N=CN2CC(CP(=O)(O)O)CP(=O)(O)O)I
P47900,-1.845,CC(C)(C)C1=CC=CC=C1OC2=C(C=CC=N2)NC3=NN=C(O3)C4=CC=CC=C4
P47900,-1.491,CC(C)(C)C1=CC=C(C=C1)NC(=O)NC2=C(N=CC=C2)OC3=CC=CC(=C3)C(F)(F)F
P47900,-3.23,CCN1CCC2=C(C1)C=CC=C2OC3=C(C=CC=N3)NC(=O)NC4=CC=C(C=C4)OC(F)(F)F
P47900,-1.716,C1C2C1(C(C(C2N3C=NC4=C3N=CN=C4N)O)O)COP(=O)(O)OP(=O)(O)OP(=O)(O)O
P47900,-3.301,CCC1CC(C2=CC=CC=C2N1C(=O)C3=CC=C(C=C3)OC)NC4=CC=CC=C4
P47900,-0.708,CC(C)(C)CN1CCC2(CC1)CN(C3=C(C=CC(=C23)C(F)(F)F)O)C4=CC=CC=C4NC(=O)NC5=CC(=C(C=C5)F)F
P47900,-4.477,C1C(C(OC1N2C=NC3=C2N=CN=C3N)COP(=O)(CP(=O)([O-])OP(=O)(CP(=O)([O-])OCC4C(CC(O4)N5C=NC6=C5N=CN=C6N)O)[O-])[O-])O
P47900,-1.568,CC(C)(C)C1=CC=CC=C1OC2=C(C=CC=N2)NC(=O)NC3=C(C=C(C=C3)C4=CC=C(C=C4)CN(C)C)F
P47900,-1.161,CC(C)CN1CCC2(CC1)CN(C3=C(C=CC(=C23)C(F)(F)F)O)C4=CC=CC=C4NC(=O)NC5=NC6=C(S5)C=C(C=C6)Cl
P47900,-2.683,CC(C)(C)CN1CCC2(CC1)CN(C3=C2C=NC=C3)C4=CC=CC=C4NC(=O)NC5=CC=C(C=C5)OC(F)(F)F
P47900,-1.386,CC(C)(C)CN1CCC2(CC1)CN(C3=C(C=CC(=C23)Cl)O)C4=CC=CC=C4NC5=NN=C(S5)C6=CN=CC=C6
P47900,-1.447,CC(C)C1=CC=CC=C1OC2=C(C=CC=N2)NC(=O)NC3=C(C=C(C=C3)F)F
P47900,-2.886,C1=NC2=C(N1C3C(C(C(O3)COP(=O)(O)OP(=O)(O)OP(=O)(O)O)O)O)N=C(N=C2N)Cl
P47900,-3.905,CC(C)(C)C1=CC=CC=C1OC2=C(C=CC=N2)NC(=O)NC3=CC=C(C=C3)N4CCNCC4
P47900,-1.415,CC(C)(C)CN1CCC2(CC1)CN(C3=C(C=CC(=C23)C(F)(F)F)O)C4=CC=CC=C4NC5=NN=C(S5)C6=CC=C(C=C6)C(C)(C)C
P47900,-2.535,CC1=CC=C(C=C1)C2=CN=C(C=C2)NC3=CC=CC=C3N4CC5(CCN(CC5)CC(C)(C)C)C6=C(C=CC(=C64)O)Cl
P47900,-0.903,CC(C)(C)C1=CC=CC=C1OC2=C(C=CC=N2)NC3=NC(=C(S3)C4=CC=C(C=C4)OC)C(F)(F)F
P47900,-3.24,CNC1=NC(=NC2=C1N=CN2C3CC(C4(C3C4)COP(=O)(O)O)OP(=O)(O)O)C(=O)N
P47900,-2.146,CC1=NN(C(=C1)OC2=C(C=CC=N2)NC(=O)NC3=CC=C(C=C3)OC(F)(F)F)C4=CC=CC=C4Cl
P47900,-2.629,C1=NC2=C(C(=N1)N)N=CN2C3C(C(C(O3)COP(=O)(O)OP(=O)(O)OP(=O)(O)OP(=O)(O)OCC4C(C(C(O4)N5C=NC6=C5N=CN=C6N)O)O)O)O
P47900,-2.314,CNC1=NC(=NC2=C1N=CN2C3CC(C(O3)COP(=O)(O)O)OP(=O)(O)O)Cl
P47900,-2.233,C1=CC=C(C=C1)NC(=O)NC2=C(N=CC=C2)OC3=CC=CC(=C3)C(F)(F)F
P47900,-2.064,CC1(CN(C2=C(C=CC(=C21)C3=CC=C(C=C3)C(F)(F)F)O)C4=CC=CC=C4NC(=O)NC5=CC=C(C=C5)OC(F)(F)F)C
P47900,-1.991,C1CN(CCC1C2=CC=CC=C2OC3=C(C=CC=N3)NC(=O)NC4=CC=C(C=C4)OC(F)(F)F)CC5=CC=CC=C5
P47900,-4.613,C1C(OC(CN1CCP(=O)(O)O)N2C=NC3=C2N=CN=C3N)COP(=O)(O)OP(=O)(O)OP(=O)(O)O
P47900,-0.519,CC(C)(C)CN1CCC2(CC1)CN(C3=C(C=CC(=C23)Cl)O)C4=CC=CC=C4NC5=NN=C(S5)C6=CC=C(C=C6)C(F)(F)F
P47900,-1.041,C1=NC2=C(C(=N1)N)N=CN2C3C(C(C(O3)COP(=O)(O)OP(=O)(O)OP(=O)(O)OCC4C(C(C(O4)N5C=NC6=C5N=CN=C6N)O)O)O)O
P47900,-3.043,CC1(CCN(C2=CC=CC=C21)C3=CC=CC=C3NC(=O)NC4=CC=C(C=C4)OC(F)(F)F)C
P47900,-1.519,CC(C)(C)C1=CC(=CC=C1)OC2=C(C=CC=N2)NC(=O)NC3=C(C=C(C=C3)F)F
P47900,-1.346,CC(C)(C)CN1CCC2(CC1)CN(C3=C(C=CC(=C23)Cl)O)C4=C(C=CC(=C4)F)NC(=O)NC5=NC6=C(S5)C=C(C=C6)F
P47900,-0.978,CC(C)(C)CN1CCC2(CC1)CN(C3=C(C=CC(=C23)Cl)O)C4=CC=CC=C4NC(=O)NC5=NC6=C(S5)CCCC6
P47900,-0.898,CC(C)(C)CN1CCC2(CC1)CN(C3=C(C(=CC(=C23)Cl)F)O)C4=CC=CC=C4NC(=O)NC5=NC6=C(S5)C=C(C=C6)F
P47900,-2.991,CCSC1=NC2=C(C(=N1)NC)N=CN2C3CC(C(O3)COP(=O)(O)O)OP(=O)(O)O
P47900,-2.559,CNC1=NC(=NC2=C1N=CN2C3CC(C(O3)COP(=O)(O)O)OP(=O)(O)O)SC
P47900,-1.756,CC(C)(C)C1C2=C(CN1C)C=CC=C2OC3=C(C=CC=N3)NC(=O)NC4=CC=C(C=C4)OC(F)(F)F
P47900,-0.857,CC(C)(C)CN1CCC2(CC1)CN(C3=C(C=CC(=C23)F)O)C4=CC=CC=C4NC(=O)NC5=CC=C(C=C5)C(F)(F)F
P47900,0.398,CSC1=NC2=C(C(=N1)N)N=CN2C3C4CC4(C(C3O)O)COP(=O)(O)OP(=O)(O)O
P47900,-3.204,CC1=C(C=C(C=C1)NC(=O)NC2=CC=CC3=C2OC(=C3)C4=CC=CC=C4C(C)C)C(F)(F)F
P47900,-0.602,CC(C)(C)CN1CCC2(CC1)CN(C3=C(C=CC(=C23)F)O)C4=CC=CC=C4NC(=O)NC5=CC=C(C=C5)C(C)(C)C
P47900,-2.845,CC1(CN(C2=C(C=CC(=C21)Cl)O)C3=CC=CC=C3NC(=O)NC4=NC5=C(S4)N=C(C=C5)Cl)C
P47900,-1.591,CC1(CN(C2=CC=CC=C2O1)C3=CC=CC=C3NC(=O)NC4=CC=C(C=C4)OC(F)(F)F)C
P47900,-1.188,CC(C)(C)CN1CCC2(CC1)CN(C3=C2C(=C(C=C3O)F)C4=CC=C(C=C4)Cl)C5=CC=CC=C5NC(=O)NC6=CSC(=N6)C(F)(F)F
P47900,-1.904,CC1(CN(C2=C(C=CC(=C21)C3=CC=C(C=C3)F)O)C4=CC=CC=C4NC(=O)NC5=CC=C(C=C5)OC(F)(F)F)C
P47900,-1.778,CCC1=CC=CC=C1N2C(=CC(=N2)C)OC3=CC=CC=C3NC(=O)NC4=CC=C(C=C4)C(F)(F)F
P47900,-4.173,C1C(C(OC1N2C=NC3=C2NC(=NC3=O)N)COP(=O)(O)O)OP(=O)(O)O
P47900,-1.114,CC(C)(C)CN1CCC2(CC1)CN(C3=C(C=CC(=C23)Cl)O)C4=CC=CC=C4NC5=NN=C(S5)C6=CC=C(C=C6)OC(F)(F)F
P47900,-1.839,CC(C)(C)CN1CCC2(CC1)CN(C3=C(C(=CC(=C23)Cl)F)O)C4=CC=CC=C4NC5=NN=C(S5)C6=CC=C(C=C6)OC(F)(F)F
P47900,-2.137,CC(C)(C)C1=CC=CC=C1OC2=C(C=CC=N2)NC(=O)NC3=CC=C(C=C3)OCC(C)(C)CN(C)C
P47900,-1.531,CC(C)(C)C1=CC=CC=C1OC2=C(C=CC=N2)NC(=O)NC3=C(C=C(C=C3)C4=CC(=CC=C4)CN(C)C)F
P47900,-1.17,CC(C)(C)CN1CCC(CC1)NC(=O)NC2=CC=CC=C2N3CC4(CCN(CC4)CC(C)(C)C)C5=C(C=CC(=C53)O)C(F)(F)F
P47900,-1.74,CC(C)(C)C1=CC=CC=C1OC2=C(C=CC=N2)NC3=NN=C(S3)C4=CC(=CC=C4)N(C)C
P47900,-2.061,CC1(CN(C2=C(C=CC(=C21)C3=CC=C(C=C3)F)O)C4=CC=CC=C4NC(=O)NC5=NC6=C(S5)N=C(C=C6)Cl)C
P47900,-3.476,C1C(COC(C1OP(=O)(O)O)COP(=O)(O)O)N2C=NC3=C2N=CN=C3N
P47900,-2.356,C1=CC=C2C(=C1)C=C(N2)C3=C(C=CC=N3)NC(=O)NC4=CC=C(C=C4)OC(F)(F)F
P47900,-0.857,CC(C)(C)CN1CCC2(CC1)CN(C3=C(C=CC(=C23)Cl)O)C4=CC=CC=C4NC(=O)NC5=NC6=C(S5)C=C(C=C6)C(=O)OC
P47900,-3.215,CNC1=NC=NC2=C1N=CN2C3CC(C(OC3)COP(=O)(O)O)OP(=O)(O)O
P47900,-3.778,CCC1C(C(C2=CC=CC=C2N1C(=O)NC3=CC=C(C=C3)OC)NC4=CC=CC=C4)C
P47900,-2.906,CNC1=NC(=NC2=C1N=CN2C3CC(C3COP(=O)(O)O)OP(=O)(O)O)Cl
P47900,-1.362,CC(C)(C)CN1CCC2(CC1)CN(C3=C2C(=C(C=C3O)F)Cl)C4=CC=CC=C4NC5=NN=C(S5)C6=CC=C(C=C6)OC(F)(F)F
P47900,-1.35,CC(C)(C)CN1CCC2(CC1)CN(C3=C(C=CC(=C23)Cl)O)C4=CC=CC=C4NC(=O)NC5=NC6=C(S5)CN(CC6)C(=O)C(F)(F)F
P47900,0.432,CC(C)(C)CN1CCC2(CC1)CN(C3=C(C=CC(=C23)F)O)C4=CC=CC=C4NC(=O)NC5=CC=C(C=C5)OC(F)(F)F
P47900,-1.69,CC(C)(C)CN1CCC2(CC1)CN(C3=C(C=CC(=C23)Cl)O)C4=CC=CC=C4NC5=NC=C(N=C5)C6=CC=CC=C6
P47900,-2.982,CC1=NN(C(=C1)OC2=CC=CC=C2NC(=O)NC3=CC=C(C=C3)OC(F)(F)F)C4=CC=CC=C4OC
P47900,-0.699,C1C2C1(C(C(C2N3C=NC4=C3N=C(N=C4N)Cl)O)O)COP(=O)(O)OP(=O)(O)OP(=O)(O)O
P47900,-2.906,C1=NC2=C(N1C3C(C(C(O3)COP(=S)(O)OP(=O)(O)OP(=O)(O)O)O)O)N=C(N=C2N)Cl
P47900,-1.431,CC(C)(C)C1=CC=CC=C1OC2=C(C=CC=N2)NC3=NN=C(S3)C4=CC=C(C=C4)N(C)C
P47900,-3.519,C1CN(CCC12CN(C3=CC=CC=C23)C4=CC=CC=C4NC(=O)NC5=CC=C(C=C5)OC(F)(F)F)CC6=CC=CC=C6
P47900,-2.27,CC(C)(C)C1=CC=CC=C1OC2=C(C=CC=N2)NC3=NC(=C(S3)C4=CC=CC=C4)C(=O)N(C)C
P47900,-1.468,CC(C)(C)CN1CCC2(CC1)CN(C3=C(C=CC(=C23)Cl)O)C4=C(C=C(C=C4)C#N)NC(=O)NC5=NC6=C(S5)C=C(C=C6)F
P47900,-3.839,CNC1=NC(=NC2=C1N=CN2C3CC(C4(C3C4)COP(=O)(O)O)OP(=O)(O)O)C#N
P47900,-2.919,C1CCN(C2=CC=CC=C2C1)C3=CC=CC=C3NC(=O)NC4=CC=C(C=C4)OC(F)(F)F
P47900,-2.146,CC1=C(ON=C1C)NS(=C)(=C)C2=CC=C(C=C2)NC(=O)NC3=CC(=C(C=C3)Cl)Cl
P47900,-1,CCC1=CC=CC=C1N2C(=CC(=N2)C)OC3=CC=CC=C3NC(=O)NC4=CC=C(C=C4)C5CCCCC5
P47900,-3.638,C1=NC2=C(C(=N1)N)N=CN2C3C(C(C(O3)COP(=O)(O)O)O)O
P47900,-5,CC1=C(ON=C1C)NS(=O)(=O)C2=CC=C(C=C2)NC(=O)NC3=CC(=CC(=C3)F)F
P47900,-1.89,CC1=NC2=C(C(=N1)NC)N=CN2C3CC(C(O3)COP(=O)(O)O)OP(=O)(O)O
P47900,-1.778,CC(C)(C)CN1CCC2(CC1)CN(C3=C(C=CC(=C23)Cl)O)C4=CC=CC=C4NC5=NOC(=C5)C6=CC=C(C=C6)C(F)(F)F
P47900,-4.469,C1C2C1(CC(C2COP(=O)(O)O)OP(=O)(O)O)N3C=NC4=C3N=CN=C4N
P47900,-2.699,CCC1C(C(C2=CC=CC=C2N1C(=O)NC3=CC(=CC(=C3)OC)OC)NC4=CC=CC=C4)C
P47900,-0.903,CC(C)(C)CN1CCC2(CC1)CN(C3=C(C=CC(=C23)C(F)(F)F)O)C4=CC=CC=C4NC(=O)NC5=CN=C(C=C5)C(F)(F)F
P47900,-3.276,C1C2C1(C(C(C2N3C=NC4=C3N=C(N=C4N)Cl)O)O)COP(=O)(O)O
P47900,-3.2,C1=NC2=C(C(=N1)N)N=CN2C3C(C(C(O3)COP(=O)(O)O)O)OP(=O)(O)O
P47900,-1.364,CC(C)(C)CN1CCC2(CC1)CN(C3=C2C(=C(C=C3O)F)Cl)C4=CC=CC=C4NC(=O)NC5=NC6=C(S5)C=C(C=C6)Cl
P47900,-1.886,CCC1=CC=CC=C1OC2=C(C=CC=N2)NC(=O)NC3=C(C=C(C=C3)F)F
P47900,-2,CC1=NN(C(=C1)OC2=CC=CC=C2NC(=O)NC3=CC=C(C=C3)C(C)(C)C)C4=CC=CC=C4Cl
P47900,-3.716,CCC1=CC=CC=C1N2C(=CC(=N2)C)OC3=CC=CC=C3NC(=O)NC4=NC=C(C=C4)C(C)C
P47900,-1.778,CCCCCCSC1=NC2=C(C(=N1)N)N=CN2C3C(C(C(O3)COP(=O)(O)O)O)O
P47900,1.398,CC(C)(C)CN1CCC2(CC1)CN(C3=C(C=CC(=C23)C#N)O)C4=CC=CC=C4NC(=O)NC5=CC=C(C=C5)OC(F)(F)F
P47900,-1.322,COC1=CC=C(C=C1)NC(=O)NC2=C(N=CC=C2)OC3=CC=CC(=C3)C(F)(F)F
P47900,-0.663,CC(C)(C)CN1CCC2(CC1)CN(C3=C2C=CC(=C3)O)C4=CC=CC=C4NC(=O)NC5=CC=C(C=C5)OC(F)(F)F
P47900,-0.748,CC(C)(C)CN1CCC2(CC1)CN(C3=C(C=CC(=C23)C(F)(F)F)O)C4=C(C=CC=N4)NC(=O)NC5=CC=C(C=C5)OC(F)(F)F
P47900,-0.903,CC(C)(C)CN1CCC2(CC1)CN(C3=C(C=CC(=C23)C(=O)OC)O)C4=CC=CC=C4NC5=NN=C(S5)C6=CC=C(C=C6)C(F)(F)F
P47900,-2.107,C1=CC(=CC(=C1)OC2=C(C=CC=N2)NC(=O)NC3=CC(=CC=C3)Cl)C(F)(F)F
P47900,-2.757,C1=CC(=CC(=C1)OC2=C(C=CC=N2)NC(=O)NC3=CC=C(C=C3)C#N)C(F)(F)F
P47900,-2.413,CC(C)(C)CN1CCC2(CC1)CCN(C3=CC=CC=C23)C4=CC=CC=C4NC5=NC6=C(N5)C=C(C=C6)C(C)(C)C
P47900,-2.884,C1=NC2=C(N1C3C(C(C(O3)COP(=S)(O)OP(=O)(O)O)O)O)N=C(N=C2N)Cl
P47900,-1.279,CC(C)(C)CN1CCC2(CC1)CN(C3=C(C=CC(=C23)Cl)O)C4=CC=CC=C4NC5=NN=C(S5)C6=CC(=CC(=C6)Cl)Cl
P47900,-1.462,CC(C)(C)CN1CC2=C(C1)C(=CC=C2)OC3=C(C=CC=N3)NC(=O)NC4=CC=C(C=C4)OC(F)(F)F
P47900,-0.806,CC(C)(C)CN1CCC2(CC1)CN(C3=C(C=CC(=C23)C(F)(F)F)O)C4=CC=CC=C4NC(=O)NC5=NC=CS5
P47900,-1.614,CC(C)(C)CN1CCC2(CC1)CN(C3=C2C(=C(C=C3O)F)C4=CN=C(C=C4)C(F)(F)F)C5=CC=CC=C5NC(=O)NC6=NC7=C(S6)C=C(C=C7)F
P47900,-2.74,CCC1C(C(C2=CC=CC=C2N1C(=O)C3=CC=C(C=C3)OC(F)(F)F)NC4=CC=CC=C4)C
P47900,-1.158,CC(C)CN1CCC2(CC1)CN(C3=C(C=CC(=C23)C#N)O)C4=CC=CC=C4NC(=O)NC5=NC6=C(S5)C=C(C=C6)Cl
P47900,-3.426,CNC1=NC(=NC2=C1N=CN2C3CC(C(O3)COP(=O)(O)O)OP(=O)(O)O)I
P47900,-0.602,CC(C)(C)CN1CCC2(CC1)CN(C3=C2C=CC=C3O)C4=CC=CC=C4NC(=O)NC5=CC=C(C=C5)OC(F)(F)F
P47900,-3.104,C1=NC2=C(C(=N1)N)N=CN2C3C(C(C(O3)COP(=O)(O)OP(=S)(O)O)O)O
P47900,-2.114,CC1=C(C=C(C=C1)NC(=O)NC2=CC=C(C=C2)S(=O)(=O)NC3=C(C(=NO3)C)C)C
P47900,-2.783,C1=CC(=CC(=C1)OC2=C(C=CC=N2)NC(=O)NC3=CC(=CC=C3)F)C(F)(F)F
P47900,-2.792,CCCN1CCC2=C(C1)C=CC=C2OC3=C(C=CC=N3)NC(=O)NC4=CC=C(C=C4)OC(F)(F)F
P47900,-1.279,CCOC(=O)C1=C(N=C(S1)NC2=CC=CC=C2N3CC4(CCN(CC4)CC(C)(C)C)C5=C(C=CC(=C53)O)Cl)C(F)(F)F
P47900,-2.677,CNC1=NC(=NC2=C1N=CN2C3CC(C(O3)COP(=O)(O)O)OP(=O)(O)O)SCC=C
P47900,-1.204,CC(C)(C)CN1CCC2(CC1)CN(C3=C(C=CC(=C23)C(F)(F)F)O)C4=CC=CC=C4NC5=NN=C(S5)C6=CC=C(C=C6)C(F)(F)F
P47900,-3.477,C1=CC(=CC=C1CCSC2=NC3=C(C(=N2)N)N=CN3C4C(C(C(O4)COP(=O)(O)O)O)O)[N+](=O)[O-]
P47900,-1.97,CNC1=NC(=NC2=C1N=CN2C3CC(C4(C3C4)COP(=O)(O)O)OP(=O)(O)O)C#C
P47900,-2.243,CC1=CC=C(C=C1)NC(=O)NC2=C(N=CC=C2)NC3=CC=CC=C3C(C)(C)C
P47900,-0.531,CCN(CC)S(=O)(=O)C1=C2C(=C(C=C1)O)N(CC23CCN(CC3)CC(C)(C)C)C4=CC=CC=C4NC(=O)NC5=CC=C(C=C5)OC(F)(F)F
P47900,-2.021,CC1(CN(C2=C(C=CC(=C21)C3=CC=C(C=C3)Cl)O)C4=CC=CC=C4NC(=O)NC5=CC=C(C=C5)OC(F)(F)F)C
P47900,-2.748,CCC1=CC=CC=C1N2C(=CC(=N2)C)OC3=CC=CC=C3NC(=O)NC4=CC=C(C=C4)OC
P47900,-3.643,C1=CC=C(C(=C1)C2=CC3=C(O2)C(=CC=C3)NC(=O)NC4=CC=C(C=C4)OC(F)(F)F)C(F)(F)F
P47900,-4.398,CCC1C(C(C2=CC=CC=C2N1C(=O)C3=CC=CC=C3)NC4=CC=CC=C4)C
P47900,-1.38,C1=NC2=C(C(=N1)N)N=CN2C3C(C(C(O3)COP(=O)(O)OP(=O)(O)O)O)O
P47900,-1.23,CC(C)(C)C1=CC=CC=C1OC2=C(C=CC=N2)NC(=O)NC3=C(C=C(C=C3)C4=CC=CC=C4CN(C)C)F
P47900,-3.398,CC(C)(C)C1=CC=CC=C1OC2=C(C=CC=N2)NC3=NCC(O3)C4=CC=CC=C4
P47900,-4.653,CC1=C(ON=C1C)NS(=O)(=O)C2=CC=C(C=C2)NC(=O)NC3=CC=C(C=C3)C(F)(F)F
P47900,-2.212,CC(C)(CN(C)C)COC1=CC=C(C=C1)NC(=O)NC2=C(N=CC=C2)OC3=CC=CC=C3[Si](C)(C)C
P47900,-1.362,CSC1=NC2=C(C(=N1)N)N=CN2C3C4CC4(C(C3O)O)COP(=O)(O)OP(=O)(O)OP(=O)(O)O
P47900,-1.954,CCOC(=O)C1=NN=C(S1)NC2=C(N=CC=C2)OC3=CC=CC=C3C(C)(C)C
P47900,-0.544,CCN(CC)S(=O)(=O)C1=C2C(=C(C=C1)O)N(CC23CCN(CC3)CC(C)(C)C)C4=CC=CC=C4NC(=O)NC5=CC=C(C=C5)C(C)(C)C
P47900,0.108,CNC1=NC(=NC2=C1N=CN2C3CC(C4(C3C4)COP(=O)(O)O)OP(=O)(O)O)I
P47900,-0.898,CC(C)(C)CN1CCC2(CC1)CN(C3=CC=CC=C23)C4=CC=CC=C4NC5=NC(=C(S5)C6=CC=CC=C6)C(F)(F)F
P47900,-0.699,CC(C)(C)CN1CCC2(CC1)CN(C3=C(C=CC(=C23)C#N)O)C4=CC=CC=C4NC(=O)NC5=NC6=C(S5)C=C(C=C6)F
P47900,-1.94,CC(C)CN1CCC(CC1)COC2=CC=C(C=C2)NC(=O)NC3=C(N=CC=C3)OC4=CC=CC=C4C(C)(C)C
P47900,-2.146,CCCCCC1=CC=C(C=C1)NC(=O)NC2=CC=CC3=C2OC(=C3)C4=CC=CC=C4C(C)C
P47900,-1.82,CC(C)(C)CN1CCC2(CC1)CN(C3=C(C=CC(=C23)Cl)O)C4=CC=CC=C4NC5=NOC(=C5)C6=CC=CC=C6
P47900,-3.629,CC1(CN(C2=CC=CC=C21)C3=CC=CC=C3NC(=O)NC4=CC=C(C=C4)OC(F)(F)F)C
P47900,-4.279,CNC1=NC=NC2=C1N=CN2C3C(C(C(O3)COP(=O)(O)OP(=O)(O)OP(=O)(O)O)O)O
P47900,-1.394,CC(C)(C)CN1CCC2(CC1)CN(C3=C(C=CC(=C23)C#N)O)C4=CC=CC=C4NC(=O)NC5=CC=C(C=C5)C(C)(C)C
P47900,0.854,CC(C)(C)CN1CCC2(CC1)CN(C3=C(C=CC(=C23)C(F)(F)F)O)C4=CC=CC=C4NC(=O)NC5=CC=C(C=C5)OC(F)(F)F
P47900,-3.699,CC(C)C1=CC=CC=C1C2=CC3=C(O2)C(=CC=C3)NC(=O)NC4=CC=CC(=C4)C(F)(F)F
P47900,-0.845,CC1=CC=C(C=C1)NC(=O)NC2=C(N=CC=C2)OC3=CC=CC=C3C(C)(C)C
P47900,-3.966,CC(C)(C)CN1CCC2(C1)CN(C3=CC=CC=C23)C4=CC=CC=C4NC(=O)NC5=CC=C(C=C5)OC(F)(F)F
P47900,-1.732,CC(C)(C)C1=CC=CC=C1OC2=C(C=CC=N2)NC(=O)NC3=C(C=C(C=C3)C4=CC=CC=C4CO)F
P47900,-0.778,CC(C)(C)CN1CCC2(CC1)CN(C3=C(C=CC(=C23)F)O)C4=CC=CC=C4NC5=NN=C(S5)C6=CC=C(C=C6)Cl
P47900,-3.642,C1=CC=C(C=C1)CC2OC3C(OC(C3O2)N4C=NC5=C4N=CN=C5N)COP(=O)(O)OP(=O)(O)O
P47900,-2.114,CCC1=CC=CC=C1N2C(=CC(=N2)C)OC3=CC=CC=C3NC(=O)NC4=CC=C(C=C4)Cl
P47900,-3.776,CNC1=NC(=NC2=C1N=CN2C3CC(C(C3)OP(=O)(O)O)COP(=O)(O)O)N
P47900,-2.279,CC(C)(C)CCN1CCC2=C(C1)C=CC=C2OC3=C(C=CC=N3)NC(=O)NC4=CC=C(C=C4)OC(F)(F)F
P47900,-1.941,CNC1=NC=NC2=C1N=CN2C3CC(C4(C3C4)COP(=O)(O)O)OP(=O)(O)O
P47900,-2.826,CC(C)(C)C1=CC=CC=C1OC2=C(C=CC=N2)NC3=NN=C(S3)C4=CC(=CC=C4)CN(C)C
P47900,-1.13,CC(C)(C)CN1CCC2(CC1)CN(C3=C2C(=C(C=C3O)F)Cl)C4=CC=CC=C4NC(=O)NC5=NC6=C(S5)C=C(C=C6)F
P47900,-4,CCC1=NN=C(S1)NS(=O)(=O)C2=CC=C(C=C2)NC(=O)NC3=CC=C(C=C3)C(F)(F)F
P47900,-2.477,CC1(CN(C2=C1C(=CC(=C2O)F)C3=CC=C(C=C3)Cl)C4=CC=CC=C4NC(=O)NC5=CC=C(C=C5)OC(F)(F)F)C
P47900,-2.89,C1C2C1(C(C(C2N3C=NC4=C3N=CN=C4N)O)O)COP(=O)(O)OP(=O)(O)OP(=O)(O)O
P47900,-0.58,CC(C)(C)CN1CCC2(CC1)CN(C3=C(C=CC(=C23)F)O)C4=CC=CC=C4NC(=O)NC5=NC6=C(S5)N=C(C=C6)OC
P47900,-2.639,CC1(CN(C2=C(C=CC(=C21)Cl)O)C3=CC=CC=C3NC(=O)NC4=CC=C(C=C4)OC(F)(F)F)C
P47900,-2.193,CNC1=NC(=NC2=C1N=CN2C3CC(C4(C3C4)COP(=O)(O)O)OP(=O)(O)O)SC
P47900,-1.398,CC(C)(C)C1=CC=CC=C1OC2=C(C=CC=N2)NC3=NC(=NS3)C4=CC=CC=C4
P47900,-1.845,CCC1=CC=CC=C1N2C(=CC(=N2)C)OC3=C(C=CC=N3)NC(=O)NC4=CC=C(C=C4)OC(F)(F)F
P47900,-0.845,CC(C)(C)CN1CCC2(CC1)CN(C3=C(C=CC(=C23)F)O)C4=CC=CC=C4NC(=O)NC5=NC6=C(S5)N=C(C=C6)F
P47900,-3.151,CCCCC=CC1=NC2=C(C(=N1)NC)N=CN2C3CC(C4(C3C4)COP(=O)(O)O)OP(=O)(O)O
P47900,-1.045,CC(C)(C)CN1CCC2(CC1)CN(C3=C(C=CC(=C23)Cl)O)C4=CC=CC=C4NC(=O)NC5=NC6=C(S5)CN(CC6)CC(F)(F)F
P47900,-2.924,CNC1=NC(=NC2=C1N=CN2CCC(COP(=O)(O)O)COP(=O)(O)O)Cl
P47900,-1.491,CC(C)(C)C1=CC=CC=C1OC2=C(C=CC=N2)NC3=NC(=C(S3)C4=CC=CC=C4)C(C)(C)C
P47900,-3.086,CSC1=NC2=C(C(=N1)N)N=CN2C3CC(C(O3)COP(=O)(O)O)OP(=O)(O)O
P47900,-0.806,CC1=C(C=C(C=C1)NC(=O)NC2=CC=CC=C2N3CC4(CCN(CC4)CC(C)(C)C)C5=C(C=CC(=C53)O)Cl)F
P47900,-0.898,CC(C)(C)CN1CCC2(CC1)CN(C3=C(C=CC(=C23)C(F)(F)F)O)C4=CC=CC=C4NC(=O)NC5=CC=C(C=C5)C(C)(C)C
P47900,-3.124,C1C(C(OC1N2C=NC3=C2N=C(N=C3N)Cl)COP(=O)(O)O)OP(=O)(O)O
P47900,-2.333,CC1=NC(=CS1)NC(=O)NC2=CC=CC=C2N3CC(C4=C(C=CC(=C43)O)C5=CC=C(C=C5)F)(C)C
P47900,-0.898,CC(C)(C)CN1CCC2(CC1)CN(C3=C(C=CC(=C23)C(=O)OC)O)C4=CC=CC=C4NC(=O)NC5=C(C=C(C=C5)F)F
P47900,-1.653,CC1(CN(C2=C(C=CC(=C21)C3=CC=C(C=C3)F)O)C4=CC=CC=C4NC(=O)NC5=CSC(=N5)Cl)C
P47900,-3.462,CC(C)(C)C1=CC=CC=C1OC2=C(C=CC=N2)NC3=NN=C(S3)C(=O)O
P47900,-3.745,CC1(CCN(C2=CC=CC=C21)C3=C(C=CC=N3)NC(=O)NC4=CC=C(C=C4)OC(F)(F)F)C
P47900,-0.778,CC(C)(C)CN1CCC2(CC1)CN(C3=C(C=CC(=C23)Cl)O)C4=CC=CC=C4NC5=NC(=NS5)C6=CC=CC=C6
P47900,-1.061,CC(C)(C)CN1CCC2(CC1)CN(C3=C(C=CC(=C23)Cl)O)C4=CC=CC=C4NC(=O)NC5=NC6=C(S5)N=C(C=C6)OC
P47900,-1.681,CC1=CC=C(C=C1)NC(=O)NC2=C(N=CC=C2)OC3=CC=CC(=C3)C(F)(F)F
P47900,-2.778,CCC1C(C(C2=CC=CC=C2N1C(=O)C3=CC=C(C=C3)OC)NC4=CC=CC=C4)C
P47900,-2.903,CC(C)C1=CC=CC=C1C2=CC3=C(O2)C(=CC=C3)NC(=O)NC4=CC=C(C=C4)C(C)(C)C
P47900,-1.204,CC(C)(C)CN1CCC(CC1)C2=CC=CC=C2OC3=C(C=CC=N3)NC(=O)NC4=CC=C(C=C4)OC(F)(F)F
P47900,-2.52,CNC1=NC=NC2=C1N=CN2C3CC(C(O3)COP(=O)(O)O)OP(=O)(O)O
P47900,-1.33,CC(C)(C)CN1CCC2(CC1)CN(C3=C(C=CC(=C23)Cl)O)C4=C(C=C(C=C4)C#N)NC(=O)NC5=CC=C(C=C5)OC(F)(F)F
P47900,-3.42,C1=CC=C(C=C1)NC(=O)NC2=NC=NC3=C2N=CN3C4C(C(C(O4)COP(=O)(O)OP(=O)(O)O)O)O
P47900,-1.072,CC1=CC2=C(C=C1)N=C(S2)NC(=O)NC3=CC=CC=C3N4CC5(CCN(CC5)CC(C)(C)C)C6=C(C=CC(=C64)O)C#N
P47900,-1.613,CC(C)(C)C1=CC=CC=C1OC2=C(C=CC=N2)NC(=O)NC3=CC=CC=C3
P47900,-3.233,CCCSC1=NC2=C(C(=N1)N)N=CN2C3CC(C(O3)COP(=O)(O)O)OP(=O)(O)O
P47900,-1.041,CC(C)(C)C1=CC=CC=C1OC2=C(C=CC=N2)NC3=NN=C(S3)C4=CC=CC=C4
P47900,-0.949,CC(C)(C)CN1CCC2(CC1)CN(C3=C(C=CC(=C23)C(F)(F)F)O)C4=CC=CC=C4NC(=O)NC5=NC6=C(S5)C=C(C=C6)F
P47900,-0.778,CC1=NOC(=N1)C2=C(N=C(S2)NC3=C(N=CC=C3)OC4=CC=CC=C4C(C)(C)C)C(F)(F)F
P47900,-3.121,CCCCOC1=CC=C(C=C1)NC(=O)NC2=CC=CC3=C2OC(=C3)C4=CC=CC=C4C(C)C
P47900,-0.505,CC(C)(C)CN1CCC2(CC1)CN(C3=C(C=CC(=C23)C(F)(F)F)O)C4=CC=CC=C4NC(=O)NC5=C(C=C(C=C5)F)F
P47900,-2.398,CC1=NN(C(=C1)OC2=CC=CC=C2NC(=O)NC3=CC=C(C=C3)OC(F)(F)F)C4=CC=C(C=C4)Cl
P47900,-1.167,CC(C)(C)CN1CCC2(CC1)CN(C3=C2C(=C(C=C3O)F)F)C4=CC=CC=C4NC(=O)NC5=NC6=C(S5)C=C(C=C6)F
P47900,-1.041,CC(C)(C)CN1CCC2(CC1)CN(C3=C(C=CC(=C23)C(F)(F)F)O)C4=CC=CC=C4NC5=NN=C(S5)C6=CC=CC=N6
P47900,-1.778,CC(C)CN1CCC2=C(C1)C=CC=C2OC3=C(C=CC=N3)NC(=O)NC4=CC=C(C=C4)OC(F)(F)F
P47900,-1.041,CC1=C(N=C(S1)NC2=C(N=CC=C2)OC3=CC=CC=C3C(C)(C)C)C(F)(F)F
P47900,-2.577,CC(C)(C)CN1CCC2(CC1)CN(C3=C2C=CC=N3)C4=CC=CC=C4NC(=O)NC5=CC=C(C=C5)OC(F)(F)F
P47900,-3.763,COC(=O)N1CCC2(CC1)CN(C3=CC=CC=C23)C4=CC=CC=C4NC(=O)NC5=CC=C(C=C5)OC(F)(F)F
P47900,-0.959,CC(C)(C)CN1CCC2(CC1)CN(C3=C(C=C(C=C23)F)O)C4=CC=CC=C4NC(=O)NC5=CC=C(C=C5)OC(F)(F)F
P47900,-2.083,CC(C)CCN1CCC(CC1)COC2=CC(=C(C=C2)NC(=O)NC3=C(N=CC=C3)OC4=CC=CC=C4C(C)(C)C)F
P47900,-1.796,CNC1=NC=NC2=C1N=CN2C3C4CC4(C(C3O)O)COP(=O)(O)OP(=O)(O)OP(=O)(O)O
P47900,-4.568,C1C(OC(CN1CCP(=O)(O)O)N2C=NC3=C2N=CN=C3N)COP(=O)(O)O
P47900,-1.079,C1=CC(=CC=C1CCSC2=NC3=C(C(=N2)N)N=CN3C4C(C(C(O4)COP(=O)(O)OP(=O)(O)OP(=O)(O)O)O)O)[N+](=O)[O-]
P47900,-3.936,C1=NC2=C(C(=N1)N)N=CN2C3C(C(C(O3)COP(=O)(O)O)OP(=O)(O)O)O
P47900,-1.473,CC1CCN(C2=CC=CC=C12)C3=CC=CC=C3NC(=O)NC4=CC=C(C=C4)OC(F)(F)F
P47900,-4.487,C=CC1=NC2=C(N1C3CC(C(O3)COP(=O)(O)O)OP(=O)(O)O)N=CN=C2N
P47900,-0.699,CCOC(=O)C1=C(N=C(S1)NC2=C(N=CC=C2)OC3=CC=CC=C3C(C)(C)C)C(F)(F)F
P47900,1.398,CC(C)(C)CN1CCC2(CC1)CN(C3=C(C=CC(=C23)Cl)O)C4=CC=CC=C4NC(=O)NC5=CC=C(C=C5)OC(F)(F)F
P47900,-3.672,CC(C)N1CCC2(CC1)CN(C3=CC=CC=C23)C4=CC=CC=C4NC(=O)NC5=CC=C(C=C5)OC(F)(F)F
P47900,-2.079,CC1=NN(C(=C1)OC2=CC=CC=C2NC(=O)NC3=CC=C(C=C3)C4CC4)C5=CC=CC=C5Cl
P47900,-4.11,COCCN1CCC2(CC1)CN(C3=CC=CC=C23)C4=CC=CC=C4NC(=O)NC5=CC=C(C=C5)OC(F)(F)F
P47900,-2.17,CNC1=NC=NC2=C1N=CN2C3CC(C(C3)OP(=O)(O)O)COP(=O)(O)O
P47900,-0.833,CC(C)(C)CN1CCC2(CC1)CN(C3=C(C=CC(=C23)Cl)O)C4=CC=CC=C4NC(=O)NC5=NC(=NS5)OC
P47900,-0.982,CC(C)(C)CN1CCC2(CC1)CN(C3=C(C=CC(=C23)Cl)O)C4=CC=CC=C4NC(=O)NC5=C(C=C(C=C5)F)F
P47900,-2.929,CCC1C(C(C2=CC=CC=C2N1C(=O)C3=CC=C(C=C3)Cl)NC4=CC=CC=C4)C
P47900,-3.954,C1=NC2=C(C(=N1)N)N=CN2C3C(C(C(O3)COP(=O)(CP(=O)([O-])OP(=O)(CP(=O)([O-])OCC4C(C(C(O4)N5C=NC6=C5N=CN=C6N)O)O)[O-])[O-])O)O
P47900,-1.42,CC1=NC2=C(C(=N1)NC)N=CN2C3CC(C4(C3C4)COP(=O)(O)O)OP(=O)(O)O
P47900,-1.49,CC(C)(C)CN1CCC2(CC1)CN(C3=C(C=CC(=C23)C(F)(F)F)O)C4=CC=CC=C4NC(=O)NC5=NC6=C(S5)C=C(C=C6)Cl
P47900,-0.778,CC(C)(C)C1=CC=CC=C1OC2=C(C=CC=N2)NC(=O)NC3=CC=C(C=C3)OC(F)(F)F
P47900,-2.303,CC1(CN(C2=C(C=CC(=C21)C3=CC(=C(C=C3)F)F)O)C4=CC=CC=C4NC(=O)NC5=CC=C(C=C5)OC(F)(F)F)C
P47900,-1.304,CC1(CN(C2=CC=CC=C21)C3=C(C=CC=N3)NC(=O)NC4=CC=C(C=C4)OC(F)(F)F)C
P47900,-1.447,C1=CC=C(C=C1)C2=CC=C(C=C2)NC(=O)NC3=C(N=CC=C3)OC4=CC=CC(=C4)C(F)(F)F
P47900,-0.792,CC(C)(C)CN1CCC2(CC1)CN(C3=C(C=CC(=C23)Cl)O)C4=CC=CC=C4NC(=O)NC5=NC6=C(S5)CCC6
P47900,-2.161,C1=CC(=CC(=C1)OC2=C(C=CC=N2)NC(=O)NC3=CC=C(C=C3)F)C(F)(F)F
P47900,-2.881,C1=NC2=C(C(=N1)N)N=CN2C3C(C(C(O3)COP(=O)(O)OP(=O)(O)OP(=O)(O)OP(=O)(O)OP(=O)(O)OCC4C(C(C(O4)N5C=NC6=C5N=CN=C6N)O)O)O)O
P47900,-1.322,CC(C)CN1CCC2=C(C1)SC(=N2)NC3=CC=CC=C3N4CC5(CCN(CC5)CC(C)(C)C)C6=C(C=CC(=C64)O)Cl
P47900,-3.686,CC(C)(C)C1=CC=CC=C1OC2=C(C=CC=N2)NC3=NC(=C(S3)C(=O)N)C(F)(F)F
P47900,-1.279,CC(C)(C)CN1CCC2(CC1)CN(C3=C(C=CC(=C23)Cl)O)C4=CC=CC=C4NC5=NN=C(S5)C6=CC(=C(C=C6)Cl)Cl
P47900,-1.079,CC(C)(C)C1=CC=CC=C1OC2=C(C=CC=N2)NC3=NC(=C(S3)C4=CC(=CC=C4)OCC(C)(C)CN(C)C)C(F)(F)F
P47900,-2.653,CCC1C(C(C2=CC=CC=C2N1C(=O)C3=CC=C(C=C3)Br)NC4=CC=CC=C4)C
P47900,-1.041,CC(C)(C)CN1CCC2=C(C1)C=CC=C2OC3=C(C=CC=N3)NC(=O)NC4=CC=C(C=C4)OC(F)(F)F
P47900,-2.704,CN(C)C1=CC=C(C=C1)NC(=O)NC2=C(N=CC=C2)OC3=CC=CC(=C3)C(F)(F)F
P47900,-0.996,CC(C)CN1CCC2(CC1)CN(C3=C(C=CC(=C23)Cl)O)C4=CC=CC=C4NC(=O)NC5=NC6=C(S5)C=C(C=C6)F
P47900,-1.821,CC1(CN(C2=C1C(=C(C=C2O)F)C3=CC=C(S3)Cl)C4=CC=CC=C4NC(=O)NC5=CC=C(C=C5)OC(F)(F)F)C
P47900,-1.954,C1=NC2=C(N1C3C(C(C(O3)COP(=O)(O)OP(=S)(O)O)O)O)N=C(N=C2N)Cl
P47900,-1.955,CC1(CN(C2=C(C=CC(=C21)C3=CC=CC=C3)O)C4=CC=CC=C4NC(=O)NC5=CC=C(C=C5)OC(F)(F)F)C
P47900,-1.6,C1=NC2=C(C(=N1)N)N=CN2C3C(C(C(O3)COP(=O)([O-])OP(=O)([O-])OP(=S)([O-])[O-])O)O
P47900,-2.839,CN1CCC2(CC1)CN(C3=CC=CC=C23)C4=CC=CC=C4NC(=O)NC5=CC=C(C=C5)OC(F)(F)F
P47900,-0.845,CC(C)(C)C1=CC=CC=C1OC2=C(C=CC=N2)NC3=NC(=C(S3)C4=CC=CC=C4F)C(F)(F)F
P47900,-2.236,C1=CC=C(C(=C1)C(F)(F)F)OC2=C(C=CC=N2)NC(=O)NC3=C(C=C(C=C3)F)F
P47900,-2.079,CC1=NN(C(=C1)OC2=CC=CC=C2NC(=O)NC3=CC=C(C=C3)OC(F)(F)F)C4=CC(=CC=C4)Cl
P47900,-0.857,CC(C)(C)CN1CCC2(CC1)CN(C3=C(C=CC(=C23)C(F)(F)F)O)C4=C(C=CC=N4)NC(=O)NC5=NC6=C(S5)N=C(C=C6)Cl
P47900,-2.439,CC(C)(C)C1=CC=CC=C1OC2=C(C=CC=N2)NC3=NN=C(S3)C4=CC=NC=C4
P47900,-2.176,CC1=CC=CC=C1N2C(=CC(=N2)C)OC3=CC=CC=C3NC(=O)NC4=CC=C(C=C4)OC(F)(F)F
P47900,-2.94,CNC1=NC(=NC2=C1N=CN2C3CC(C4(C3C4)COP(=O)(O)O)OP(=O)(O)O)C(=O)O
P47900,-0.898,CC(C)(C)CN1CCC2(CC1)CN(C3=C(C=CC(=C23)F)O)C4=CC=CC=C4NC(=O)NC5=NC6=C(S5)C=C(C=C6)OC
P47900,-0.845,C1C2C1(C(C(C2N3C=NC4=C3N=C(N=C4N)Cl)O)O)COP(=O)(O)OP(=O)(O)OP(=O)(O)O
P47900,-1.041,CC(C)(C)C1=CC=CC=C1OC2=C(C=CC=N2)NC(=O)NC3=CC=C(C=C3)N4CCCCC4
P47900,-1.3,C1C(C(OC1N2C=NC3=C2N=CN=C3N)COP(=S)(O)OP(=O)(O)OP(=O)(O)O)O
P47900,-1.653,CC(C)(C)C1=CC=CC=C1OC2=C(C=CC=N2)NC3=NN(C(=C3)C4=CC=CC=C4)C
P47900,-1.013,CNC1=NC(=NC2=C1N=CN2CC3CC(C(C3)OP(=O)(O)O)COP(=O)(O)O)Cl
P47900,-1.114,CC(C)(C)C1=CC=CC=C1OC2=C(C=CC=N2)NC3=NC(=C(S3)C4=CC=C(C=C4)C#N)C(F)(F)F
P47900,-1.956,CC1(CN(C2=C(C=CC(=C21)C3=CC(=CC(=C3)F)F)O)C4=CC=CC=C4NC(=O)NC5=CC=C(C=C5)OC(F)(F)F)C
P47900,-1.954,CC1=NN(C(=C1)OC2=CC=CC=C2NC(=O)NC3=CC=C(C=C3)OC(F)(F)F)C4=CC=CC=C4Cl
P47900,-1.875,C1=CC=C2C(=C1)C=C(N2)C3=CC=CC=C3NC(=O)NC4=CC=C(C=C4)OC(F)(F)F
P47900,-0.954,CC(C)(C)CN1CCC2(CC1)CN(C3=C(C=CC(=C23)Cl)O)C4=CC=CC=C4NC5=NC(=C(S5)C#N)C(C)(C)C
P47900,-0.954,CNC1=NC(=NC2=C1N=CN2C3C4CC4(C(C3O)O)COP(=O)(O)OP(=O)(O)OP(=O)(O)O)Cl
P47900,-0.845,CC(C)(C)C1=CC=CC=C1OC2=C(C=CC=N2)NC(=O)NC3=CC=C(C=C3)N4CCN(CC4)CC5=CC=CC=C5
P47900,-1.5,CNC1=NC(=NC2=C1N=CN2CC(COP(=O)(O)O)COP(=O)(O)O)Cl
P47900,-2.081,CC1(CN(C2=C1C(=C(C=C2O)F)C3=CC=C(C=C3)Cl)C4=CC=CC=C4NC(=O)NC5=CC=C(C=C5)OC(F)(F)F)C
P47900,-1.978,CC1(CN(C2=C1C(=C(C=C2O)F)C3=CC=C(C=C3)F)C4=CC=CC=C4NC(=O)NC5=CC=C(C=C5)OC(F)(F)F)C
P47900,-3.373,C1=CC(=CC=C1CCSC2=NC3=C(C(=N2)N)N=CN3C4C(C(C(O4)COP(=S)([O-])[O-])O)O)[N+](=O)[O-]
P47900,-0.69,CC1=NC(=CS1)NC(=O)NC2=CC=CC=C2N3CC4(CCN(CC4)CC(C)(C)C)C5=C(C=CC(=C53)O)C(F)(F)F
P47900,-0.982,CC(C)(C)CN1CCC2(CC1)CN(C3=C(C=CC(=C23)C(F)(F)F)O)C4=CC=CC=C4NC(=O)NC5CCC(CC5)C(C)(C)C
P47900,-1.903,CSC1=NC2=C(C(=N1)N)N=CN2C3C(C(C(O3)COP(=O)([O-])OP(=O)(CP(=O)([O-])[O-])[O-])O)O
P47900,-1.127,CC(C)(C)CN1CCC2(CC1)CN(C3=C(C=CC(=C23)C(F)(F)F)O)C4=CC=CC=C4NC(=O)NC5=NC6=C(S5)N=C(C=C6)Cl
P47900,-2.021,C1=NC2=C(C(=N1)N)N=CN2C3C(C(C(O3)COP(=S)(O)OP(=O)(O)O)O)O
P47900,-1.061,CC(C)(C)CN1CCC2(CC1)CN(C3=C2C(=CC(=C3O)F)C4=CC=C(C=C4)F)C5=CC=CC=C5NC(=O)NC6=CC=C(C=C6)OC(F)(F)F
P47900,-0.991,CSC1=NC2=C(C(=N1)N)N=CN2C3C(C(C(O3)COP(=S)(O)OP(=O)(O)O)O)O
P47900,-1.949,CNC1=NC=NC2=C1N=CN2C3CC4C(O3)COP(=O)(OP(=O)(OP(=O)(OP(=O)(O4)O)O)O)O
P47900,-0.799,CCOC(=O)C1=C(N=C(S1)NC2=CC=CC=C2N3CC4(CCN(CC4)CC(C)(C)C)C5=CC=CC=C53)C(F)(F)F
P47900,-2.748,CC(C)N1CCC2=C(C1)C=CC=C2OC3=C(C=CC=N3)NC(=O)NC4=CC=C(C=C4)OC(F)(F)F
P47900,-2.079,CC1(CN(C2=C(C=CC(=C21)C3=CC(=CC=C3)F)O)C4=CC=CC=C4NC(=O)NC5=CC=C(C=C5)OC(F)(F)F)C
P47900,-1.875,C1=CC(=CC(=C1)OC2=C(C=CC=N2)NC(=O)NC3=C(C=C(C=C3)F)F)C(F)(F)F
P47900,-4.086,C1C(C(SC1N2C=NC3=C2N=CN=C3N)COP(=O)(O)O)OP(=O)(O)O
P47900,-2.301,CC(C)NC(=O)N1CCC2(CC1)CN(C3=CC=CC=C23)C4=CC=CC=C4NC(=O)NC5=CC=C(C=C5)OC(F)(F)F
P47900,-2.199,C1C2C1(C(C(C2N3C=NC4=C3N=CN=C4N)O)O)COP(=O)(O)OP(=O)(CP(=O)(O)O)O
P47900,-3.7,CC1=C(C=C(C=C1)C(=O)NC2=C3C(=CC(=CC3=C(C=C2)S(=O)(=O)O)S(=O)(=O)O)S(=O)(=O)O)NC(=O)C4=CC(=CC=C4)NC(=O)NC5=CC=CC(=C5)C(=O)NC6=C(C=CC(=C6)C(=O)NC7=C8C(=CC(=CC8=C(C=C7)S(=O)(=O)O)S(=O)(=O)O)S(=O)(=O)O)C
P47900,-1.973,CN1CCN(C2=CC=CC=C21)C3=CC=CC=C3NC(=O)NC4=CC=C(C=C4)OC(F)(F)F
P47900,-2.771,CSC1=NC2=C(C(=N1)N)N=CN2C3C4CC4(C(C3O)O)COP(=O)(O)O
P47900,-1.342,CC(C)(C)CN1CCC2(CC1)CN(C3=C(C=CC(=C23)Cl)O)C4=CC=CC=C4NC5=NC=C(C=C5)C(F)(F)F
P47900,-3.568,CN1CC2=C(C1)C(=CC=C2)OC3=C(C=CC=N3)NC(=O)NC4=CC=C(C=C4)OC(F)(F)F
P47900,-1.322,CC(C)(C)C1=CC=CC=C1OC2=C(C=CC=N2)NC3=NN=C(S3)C4=CC=CC=N4
P47900,-1.176,CC(C)(C)C1=CC=CC=C1OC2=C(C=CC=N2)NC(=O)NC3=CC=C(C=C3)C(F)(F)F
P47900,-3.267,CNC1=NC(=NC2=C1N=CN2C3CC(C(O3)COP(=O)(O)O)OP(=O)(O)O)N
P47900,-3.342,CC1=CC(=C(C(=C1)C)NC2=CC(=C(C3=C2C(=O)C4=CC=CC=C4C3=O)N)S(=O)(=O)[O-])C
P47900,-1.279,CC(C)(C)CN1CCC2(CC1)CN(C3=C2C(=C(C=C3O)F)Cl)C4=CC=CC=C4NC(=O)NC5=CSC(=N5)Cl
P47900,-0.845,CC(C)(C)C1=CC=CC=C1OC2=C(C=CC=N2)NC3=NN=C(S3)C4=CC=C(C=C4)C(F)(F)F
P47900,-3.041,CCCCC=CC1=NC2=C(C(=N1)NC)N=CN2C3CC(C4(C3C4)COP(=O)(O)O)OP(=O)(O)O
P47900,-0.845,CC(C)(C)CN1CCC2(CC1)CN(C3=C(C=CC(=C23)Cl)O)C4=CC=CC=C4NC5=NN=C(S5)C6=NC=C(C=C6)C(F)(F)F
P47900,-0.69,CC(C)(C)CN1CCC2(CC1)CN(C3=C(C=CC(=C23)Cl)O)C4=CC=CC=C4NC(=O)NC5=CSC(=N5)C(F)(F)F
P47900,-1.714,CNC1=NC(=NC2=C1N=CN2C3CC(C4(C3C4)COP(=O)(O)O)OP(=O)(O)O)Cl
P47900,-1.204,CC(C)(C)CN1CCC2(CC1)CN(C3=C(C=CC(=C23)Cl)O)C4=CC=CC=C4NC5=NC=C(S5)C6=CC=CC=C6
P47900,-2.462,C1CN(CC2=C1C(=CC=C2)OC3=C(C=CC=N3)NC(=O)NC4=CC=C(C=C4)OC(F)(F)F)CCC5=CC=CC=C5
P47900,-1.839,C1=CC(=CC(=C1)OC2=C(C=CC=N2)NC(=O)NC3=CC=C(C=C3)Cl)C(F)(F)F
P47900,-2.398,CC1=NN(C(=C1)OC2=CC=CC=C2NC(=O)NC3=CC=C(C=C3)OC(F)(F)F)C4=CC=CC=C4F
P47900,-1.435,CNC1=NC(=NC2=C1N=CN2C3CC(C4(C3C4)COP(=O)(O)O)OP(=O)(O)O)Cl
P47900,-1.589,CC(C)(C)CN1CCC2(CC1)CN(C3=C2C(=CC(=C3O)F)C4=CC=C(C=C4)C(F)(F)F)C5=CC=CC=C5NC(=O)NC6=CC=C(C=C6)OC(F)(F)F
P47900,-1.604,CC1(CN(C2=C(C=CC(=C21)C3=CC=CC=C3F)O)C4=CC=CC=C4NC(=O)NC5=CC=C(C=C5)OC(F)(F)F)C
P47900,-3.301,C1=CC=C(C=C1)OC2=C(C=CC=N2)NC(=O)NC3=C(C=C(C=C3)F)F
P47900,-2.809,COC(=O)C1=CC=C(C=C1)NC(=O)NC2=C(N=CC=C2)OC3=CC=CC(=C3)C(F)(F)F
P47900,-0.94,CC(C)(C)CN1CCC2(CC1)CN(C3=C(C=CC(=C23)C(=O)OC)O)C4=CC=CC=C4NC(=O)NC5=NC6=C(S5)C=C(C=C6)F
P47900,-2.881,CC1=NN(C(=C1)OC2=CC=CC=C2NC(=O)NC3=CC=C(C=C3)C4CCOCC4)C5=CC=CC=C5Cl
P47900,-0.699,CC(C)(C)CN1CCC2(CC1)CN(C3=C(C=CC(=C23)F)O)C4=CC=CC=C4NC5=NN=C(S5)C6=CC=C(C=C6)OC(F)(F)F
P47900,-1.833,CC(C)CN1CC2=C(C1)C(=CC=C2)OC3=C(C=CC=N3)NC(=O)NC4=CC=C(C=C4)OC(F)(F)F
P47900,-1.904,CC1(CN(C2=C(C=CC(=C21)C3=C(C=C(C=C3)F)F)O)C4=CC=CC=C4NC(=O)NC5=CC=C(C=C5)OC(F)(F)F)C
P47900,-2.613,CC(C)(C)C1=CC=CC=C1OC2=C(C=CC=N2)NC3=NOC(=N3)C4=CC=CC=C4
P47900,-3.079,C1CN(CC2=C1C(=CC=C2)OC3=C(C=CC=N3)NC(=O)NC4=CC=C(C=C4)OC(F)(F)F)CC5=CN=CC=C5
P47900,-0.845,CC(C)C1=CC=CC=C1OC2=C(C=CC=N2)NC(=O)NC3=CC=C(C=C3)C(C)(C)C
P47900,-0.233,CC(C)(C)CN1CCC2(CC1)CN(C3=C(C=CC(=C23)Cl)O)C4=CC=CC=C4NC(=O)NC5=NC6=C(S5)N=C(C=C6)Cl
P47900,-1.255,CC(C)(C)C1=CC=CC=C1OC2=C(C=CC=N2)NC3=NN=C(S3)C4=CC5=CC=CC=C5C=C4
P47900,-0.875,CC(C)(C)CN1CCC2(CC1)CN(C3=C(C=CC(=C23)Cl)O)C4=CC=CC=C4NC(=O)NC5=NC6=CC=CC=C6S5
P47900,-2.484,CCOC(=O)C1(CN(C2=C(C=CC(=C21)Cl)O)C3=CC=CC=C3NC(=O)NC4=NC5=C(S4)N=C(C=C5)Cl)C
P47900,-3.477,C1CNCC2=C1C(=CC=C2)OC3=C(C=CC=N3)NC(=O)NC4=CC=C(C=C4)OC(F)(F)F
P47900,-1,CC(C)(C)C1=CC=CC=C1OC2=C(C=CC=N2)NC3=NN=C(S3)C4=CC=C(C=C4)OC(F)(F)F
P47900,-1.845,CCC1C(C(C2=CC=CC=C2N1C(=O)C3=CC(=CC(=C3)Cl)Cl)NC4=CC=CC=C4)C
P47900,-0.519,CC1=NSC(=N1)NC(=O)NC2=CC=CC=C2N3CC4(CCN(CC4)CC(C)(C)C)C5=C(C=CC(=C53)O)Cl
P47900,-2.929,C1=NC2=C(C(=N1)N)N=CN2C3C(C(C(O3)COP(=O)(O)OP(=O)(O)OP(=O)(O)O)O)O
P47900,-2.3,CC(C)(C)CN1CCC2(CC1)CN(C3=C2C(=C(C=C3O)F)C4=CN=C(C=C4)C(F)(F)F)C5=CC=CC=C5NC(=O)NC6=CC=C(C=C6)OC(F)(F)F
P47900,-1.816,CC(C)(C)CN1CCC2(CC1)CN(C3=C2C(=C(C=C3O)F)C4=CN=C(C=C4)C(F)(F)F)C5=CC=CC=C5NC(=O)NC6=NC7=C(S6)C=C(C=C7)Cl
P47900,-1.215,CC(C)CN1CCC2(CC1)CN(C3=C(C=CC(=C23)C(F)(F)F)O)C4=CC=CC=C4NC(=O)NC5=NC6=C(S5)C=C(C=C6)F
P47900,-1.565,C1CC2=CC=CC=C2N(C1)C3=CC=CC=C3NC(=O)NC4=CC=C(C=C4)OC(F)(F)F
P47900,-3.818,CC1=C(ON=C1C)NS(=O)(=O)C2=CC=C(C=C2)NC(=O)NC3=CC(=C(C=C3)Cl)Cl
P47900,-1.322,CC(C)(C)C1=CC=CC=C1OC2=C(C=CC=N2)NC3=NC(=C(S3)C#N)C(F)(F)F
P47900,-1.323,CNC1=NC(=NC2=C1N=CN2C3CC(C4(C3C4)COP(=O)(O)O)OP(=O)(O)O)Br
P47900,-0.477,CC(C)(C)CN1CCC2(CC1)CN(C3=C(C=CC(=C23)C#N)O)C4=CC=CC=C4NC5=NN=C(S5)C6=CC=C(C=C6)C(F)(F)F
P47900,-2.19,C1C(C2CC2(C1OP(=O)(O)O)COP(=O)(O)O)N3C=NC4=C3N=CN=C4N
P47900,-0.903,CC(C)(C)C1=CC=C(C=C1)NC(=O)NC2=C(N=CC=C2)OC3=CC=CC=C3C(C)(C)C
P47900,-0.987,CC(C)(C)CN1CCC2(CC1)CN(C3=C(C=CC(=C23)Cl)O)C4=CC=CC=C4NC(=O)NC5=CC=C(C=C5)C(C)(C)C
P47900,-2.425,CCCCCCC1=NC2=C(C(=N1)NC)N=CN2C3CC(C4(C3C4)COP(=O)(O)O)OP(=O)(O)O
P47900,-4.374,C1C(C(OC1N2C=NC3=C2N=CN=C3N)COCP(=O)(O)O)OP(=O)(O)O
P47900,-1.519,CNC1=NC=NC2=C1N=CN2C3C4CC4(C(C3O)O)COP(=O)(O)OP(=O)(O)OP(=O)(O)O
P47900,-3.879,CC(C)(C)CN1CCC2(CC1)CN(C3=C2N=CC=C3)C4=CC=CC=C4NC(=O)NC5=CC=C(C=C5)OC(F)(F)F
P47900,-3.528,CCCCCCSC1=NC2=C(C(=N1)NC)N=CN2C3CC(C(O3)COP(=O)(O)O)OP(=O)(O)O
P47900,-3.041,C1CN(CC2=C1C(=CC=C2)OC3=C(C=CC=N3)NC(=O)NC4=CC=C(C=C4)OC(F)(F)F)CC5=CC=CC=N5
P47900,1.523,CC(C)(C)CN1CCC2(CC1)CN(C3=C(C=CC(=C23)Cl)O)C4=CC=CC=C4NC(=O)NC5=CSC(=N5)Cl
P47900,-2.246,CC(C)(C)C1=CC=CC=C1OC2=C(C=CC=N2)NC(=O)NC3=CC=C(C=C3)C4(CC4)CO
P47900,-3.857,CC(C)(C)C1=CC=C(C=C1)NC(=O)NC2=CC=CC=C2OC3=CC(=NN3C4=CC=CC=C4)C(=O)OC
P47900,-2.845,CCC1=CC=CC=C1N2C(=CC(=N2)C)OC3=CC=CC=C3NC(=O)NC4=CC=CC=C4
P47900,-0.982,CC(C)(C)CN1CCC2(CC1)CN(C3=C(C=CC(=C23)C(F)(F)F)O)C4=CC=CC=C4NC5=NN=C(S5)C6=CC=CC=C6
P47900,-0.903,CC(C)(C)CN1CCC2(CC1)CN(C3=C(C=CC(=C23)Cl)O)C4=CC=CC=C4NC(=O)NC5=NC6=C(S5)COCC6
P47900,-0.869,CC(C)(C)CN1CCC2(CC1)CN(C3=C(C=CC(=C23)F)O)C4=CC=CC=C4NC(=O)NC5=NC6=C(S5)C=C(C=C6)F
P47900,-3.176,CC(C)(C)C1=CC=CC=C1OC2=C(C=CC=N2)NC3=NSC(=N3)C4=CC=CC=C4
P47900,-1.107,CC(C)(C)CN1CCC2(CC1)CN(C3=C2C=CC(=C3O)F)C4=CC=CC=C4NC(=O)NC5=CC=C(C=C5)OC(F)(F)F
P47900,-2.623,CSC1=NC2=C(C(=N1)N)N=CN2C3C(C(C(O3)COP(=O)(CP(=O)([O-])OP(=O)([O-])OP(=O)([O-])OCC4C(C(C(O4)N5C=NC6=C5N=C(N=C6N)SC)O)O)[O-])O)O
P47900,-0.845,[B-]P(=O)(OCC1C(C(C(O1)N2C=NC3=C2N=C(N=C3N)Cl)O)O)OP(=O)(O)O
P47900,-1.412,CC(C)(C)CN1CCC2(CC1)CN(C3=C2C(=C(C=C3O)F)F)C4=CC=CC=C4NC(=O)NC5=NC6=C(S5)C=C(C=C6)Cl
P47900,-3.688,C1C(CC(C1COP(=O)(O)O)OP(=O)(O)O)N2C=NC3=C2N=CN=C3N
P47900,0.77,CC(C)(C)CN1CCC2(CC1)CN(C3=C(C=CC(=C23)Cl)O)C4=CC=CC=C4NC(=O)NC5=NC6=C(S5)C=C(C=C6)Cl
P47900,-3.342,CC(C)(C)C1=CC=CC=C1C2=CC3=C(O2)C(=CC=C3)NC(=O)NC4=CC=C(C=C4)OC(F)(F)F
P47900,-1.279,CC(C)(C)C1=CC=CC=C1OC2=C(C=CC=N2)NC3=NOC(=C3)C4=CC=CC=C4
P47900,-3.267,CNC1=NC(=NC2=C1N=CN2C3CC(C(O3)COP(=O)(O)O)OP(=O)(O)O)N
P47900,-1.362,CC(C)(C)C1=CC=CC=C1OC2=C(C=CC=N2)NC3=CC(=NO3)C4=CC=CC=C4
P47900,-0.919,CC(C)(C)CN1CCC2(CC1)CN(C3=C2C=CC=C3O)C4=CC=CC=C4NC(=O)NC5=CC=C(C=C5)C(C)(C)C
P47900,1.097,CC(C)(C)CN1CCC2(CC1)CN(C3=C(C=CC(=C23)Cl)O)C4=CC=CC=C4NC(=O)NC5=CC=C(C=C5)C(F)(F)F
P47900,-0.954,CC(C)(C)CN1CCC2(CC1)CN(C3=C2C=CC(=C3O)F)C4=CC=CC=C4NC(=O)NC5=CC=C(C=C5)C(C)(C)C
P47900,-1.75,CC(C)(C)CN1CCC2(CC1)CN(C3=C2C(=C(C=C3O)F)C4=CC=C(C=C4)Cl)C5=CC=CC=C5NC(=O)NC6=NC7=C(S6)C=C(C=C7)F
P47900,-1.681,CC(C)(C)CN1CCC2(CC1)CN(C3=C(C=CC(=C23)Cl)O)C4=CC=CC=C4NC5=NN=C(S5)C(=O)OC
P47900,-2.859,C1C2C1(C(C(C2N3C=NC4=C3N=C(N=C4N)Cl)O)O)COP(=O)(O)O
P47900,-1.653,CC1(CN(C2=C(C=CC(=C21)C3=CC=C(C=C3)F)O)C4=CC=CC=C4NC(=O)NC5=CC=C(C=C5)C6CCCN6CC(C)(C)C)C
P47900,-0.845,CC(C)(C)C1=CC=CC=C1OC2=C(C=CC=N2)NC3=NC(=C(S3)C4=CC=CC=C4)C(F)(F)F
P47900,-3.517,CCSC1=NC2=C(C(=N1)N)N=CN2C3CC(C(O3)COP(=O)(O)O)OP(=O)(O)O
P47900,0.4,CNC1=NC(=NC2=C1N=CN2C3CC(C4(C3C4)COP(=O)(O)O)OP(=O)(O)O)I
P47900,-0.964,CC(C)(C)CN1CCC2(CC1)CN(C3=C(C=CC(=C23)Cl)O)C4=CC=CC=C4NC(=O)NC5=NC6=C(S5)C=C(C=C6)OC(F)(F)F
P47900,-2.314,CNC1=NC(=NC2=C1N=CN2C3CC(C(O3)COP(=O)(O)O)OP(=O)(O)O)Cl
P47900,-1.114,CC(C)(C)CN1CCC2(CC1)CN(C3=C(C=CC(=C23)Cl)O)C4=CC=CC=C4NC5=NN=C(S5)C6=CC=C(C=C6)Cl
P47900,-0.954,CC(C)(C)CN1CCC2(CC1)CN(C3=C(C=CC(=C23)C(F)(F)F)O)C4=CC=CC=C4NC(=O)NC5=CC=C(C=C5)OC(F)F
P47900,-0.771,C1CCC2(CC1)CN(C3=CC=CC=C23)C4=CC=CC=C4NC(=O)NC5=CC=C(C=C5)OC(F)(F)F
P47900,-4.199,CC(C)C1=CC=CC=C1C2=CC3=C(O2)C(=CC=C3)NC(=O)NC4=CC=C(C=C4)N(C)C
P47900,-3.145,CC(C)(C)C1=CC=CC=C1OC2=C(C=CC=N2)NC(=O)NC3=CC=C(C=C3)C4(CC4)CN5CCCC5
P47900,-0.724,CC(C)(C)CN1CCC2(CC1)CN(C3=C2C=CC=C3O)C4=CC=CC=C4NC(=O)NC5=NC6=C(S5)N=C(C=C6)Cl
P47900,-1.009,CC(C)(C)CN1CCC2(CC1)CN(C3=C2C(=C(C=C3O)F)C4=CC=C(C=C4)F)C5=CC=CC=C5NC(=O)NC6=NC7=C(S6)N=C(C=C7)Cl
P47900,-2.301,CCC1=CC=CC=C1N2C(=CC(=N2)C)OC3=CC=CC=C3NC(=O)NC4=CC=C(C=C4)OC(C)C
P47900,-3.531,C1CN(CC2=C1C(=CC=C2)OC3=C(C=CC=N3)NC(=O)NC4=CC=C(C=C4)OC(F)(F)F)CC5=CC=C(C=C5)O
P47900,-2.196,CNC1=NC=NC2=C1N=CN2C3CC(C4(C3C4)COP(=O)(O)O)OP(=O)(O)O
P47900,-1.398,CC(C)CN1CCCC1C2=CC=C(C=C2)NC(=O)NC3=CC=CC=C3N4CC(C5=C(C=CC(=C54)O)C6=CC=C(C=C6)F)(C)C
P47900,-1.74,C1CN(CC2=C1C(=CC=C2)OC3=C(C=CC=N3)NC(=O)NC4=CC=C(C=C4)OC(F)(F)F)CC5=CC=CC=C5
P47900,-0.892,CC(C)CN1CCC2(CC1)CN(C3=C(C=CC(=C23)Cl)O)C4=CC=CC=C4NC(=O)NC5=NC6=C(S5)C=C(C=C6)Cl
P47900,-3.798,C1=NC2=C(C(=N1)N)N=CN2C3C(C(C(O3)COP(=S)(O)OP(=O)(O)OP(=O)(O)O)O)O
P47900,-3.021,CCC1C(C(C2=CC=CC=C2N1C(=O)NC3=CC(=CC=C3)OC)NC4=CC=CC=C4)C
P47900,-1.158,CC(C)N1CCC2(CC1)CN(C3=C(C=CC(=C23)C(F)(F)F)O)C4=CC=CC=C4NC(=O)NC5=CC=C(C=C5)OC(F)(F)F
P47900,-1.903,CSC1=NC2=C(C(=N1)N)N=CN2C3C(C(C(O3)COP(=O)(O)OP(=O)(CP(=O)(O)O)O)O)O
P47900,-0.568,CC1=CC2=C(C=C1)N=C(S2)NC(=O)NC3=CC=CC=C3N4CC5(CCN(CC5)CC(C)(C)C)C6=C(C=CC(=C64)O)F
P47900,-2.74,CCC1C(C(C2=CC=CC=C2N1C(=O)NC3=CC(=CC=C3)Br)NC4=CC=CC=C4)C
P47900,-1.672,C1=CC=C(C(=C1)NC(=O)NC2=C(N=CC=C2)OC3=CC=CC(=C3)C(F)(F)F)F
P47900,-1.079,CC(C)(C)C1=CC=CC=C1OC2=C(C=CC=N2)NC3=NC(=C(S3)C4=CC=C(C=C4)OC(F)(F)F)C(F)(F)F
P47900,-2.663,CSC1=NC2=C(C(=N1)N)N=CN2C3C(C(C(O3)COP(=O)([O-])OP(=O)(CP(=O)([O-])OP(=O)([O-])OCC4C(C(C(O4)N5C=NC6=C5N=C(N=C6N)SC)O)O)[O-])O)O
P47900,-1.568,CSC1=NC2=C(C(=N1)N)N=CN2C3C(C(C(O3)COP(=O)(O)OP(=S)(O)O)O)O
P47900,-3.19,CNC1=NC(=NC2=C1N=CN2C3CC(C4(C3C4)CO)OP(=O)(O)O)I
P47900,-3.288,CNC1=NC(=NC2=C1N=CN2C3CC(C4(C3C4)COP(=O)(O)O)OP(=O)(O)O)C5=CC=CC=C5
P47900,-3,CCC1=C(N(N=C1C(=O)NN2CCCCC2)C3=C(C=C(C=C3)Cl)Cl)C4=CC=C(C=C4)Br
P47900,-1.107,CC(C)(C)CN1CCC2(CC1)CN(C3=C(C(=CC(=C23)Cl)F)O)C4=CC=CC=C4NC(=O)NC5=NC6=C(S5)C=C(C=C6)Cl
P47900,-1.477,CC(C)CN1CCC(CC1)COC2=CC(=C(C=C2)NC(=O)NC3=C(N=CC=C3)OC4=CC=CC=C4C(C)(C)C)F
P47900,-3.021,CCC1C(C(C2=CC=CC=C2N1C(=O)C3=CC=C(C=C3)[N+](=O)[O-])NC4=CC=CC=C4)C
P47900,-1.352,CC(C)(C)CN1CCC2(CC1)CN(C3=C2C(=C(C=C3O)F)C4=CC=C(C=C4)F)C5=CC=CC=C5NC(=O)NC6=CC=C(C=C6)OC(F)(F)F
P47900,-0.519,CC(C)(C)CN1CCC2(CC1)CN(C3=C(C=CC(=C23)C(F)(F)F)O)C4=C(C=CC=N4)NC(=O)NC5=CC=C(C=C5)C(C)(C)C
P47900,-2.79,CNC1=NC(=NC2=C1N=CN2CC(CP(=O)(O)O)CP(=O)(O)O)Cl
P47900,-1.114,CC(C)C1=NC(=CS1)NC(=O)NC2=CC=CC=C2N3CC4(CCN(CC4)CC(C)(C)C)C5=C(C=CC(=C53)O)Cl
P47900,-1.104,CC(C)CN1CCC(CC1)C2=CC=C(C=C2)NC(=O)NC3=CC=CC=C3N4CC5(CCN(CC5)CC(C)(C)C)C6=C4C(=CC(=C6Cl)F)O
P47900,-2.508,CC(C)(C)C1=CC=CC=C1OC2=C(C=CC=N2)NC(=O)NC3=C(C=C(C=C3)CN(C)C)F
P47900,0.824,CC(C)(C)CN1CCC2(CC1)CN(C3=C(C=CC(=C23)C(=O)OC)O)C4=CC=CC=C4NC(=O)NC5=CC=C(C=C5)OC(F)(F)F
P47900,-4.431,CC1=C(ON=C1C)NS(=O)(=O)C2=CC=C(C=C2)NC(=O)NC3=CC(=CC(=C3)Cl)Cl
P47900,-2.314,CNC1=NC(=NC2=C1N=CN2C3CC(C4(C3C4)COP(=O)(O)O)OP(=O)(O)O)[Se]C
P47900,-1.176,CC(C)(C)CN1CCC2(CC1)CN(C3=C(C=CC(=C23)C(F)(F)F)O)C4=CC=CC=C4NC5=NN=C(S5)C6=CC=C(C=C6)F
P47900,-2.316,CC(C)(C)C1=CC=CC=C1OC2=C(C=CC=N2)NC3=NC(=C(S3)C4=CC=CC=C4)C(C)(C)CC(=O)O
P47900,-3.724,CC(C)N1CCC2(CC1)CN(C3=CC=CC=C23)C4=C(C=CC=N4)NC(=O)NC5=CC=C(C=C5)OC(F)(F)F
P47900,-0.875,CC(C)C1=NSC(=N1)NC(=O)NC2=CC=CC=C2N3CC4(CCN(CC4)CC(C)(C)C)C5=C(C=CC(=C53)O)C(F)(F)F
P47900,-2.995,CC(C)N1CCC(CC1)COC2=CC(=C(C=C2)NC(=O)NC3=C(N=CC=C3)OC4=CC=CC=C4C(C)(C)C)F
P47900,-3.08,C1CCC2(C1)CN(C3=CC=CC=C23)C4=CC=CC=C4NC(=O)NC5=CC=C(C=C5)OC(F)(F)F
P47900,-1.877,CC1(CN(C2=C1C(=C(C=C2O)F)C3=CN=C(C=C3)C(F)(F)F)C4=CC=CC=C4NC(=O)NC5=CC=C(C=C5)OC(F)(F)F)C
P47900,-2.638,CC(C)(C)C1=CC=CC=C1OC2=C(C=CC=N2)NC3=NC(=C(S3)C4=CC=CC=C4O)C(F)(F)F
P47900,-0.863,CC(C)(C)CN1CCC2(CC1)CN(C3=C(C=CC(=C23)C(F)(F)F)O)C4=CC=CC=C4NC(=O)NC5=CSC(=C5)Cl
P47900,-3.255,C1=CC=C(C=C1)OC2=C(C=CC(=C2)Cl)NC(=O)NC3=CC(=C(C=C3)Cl)Cl
P47900,-0.568,CC(C)(C)CN1CCC2(CC1)CN(C3=C(C=CC(=C23)C#N)O)C4=CC=CC=C4NC(=O)NC5=CSC(=N5)Cl
P47900,-0.934,CC(C)(C)CN1CCC2(CC1)CN(C3=C(C=CC(=C23)F)O)C4=CC=CC=C4NC(=O)NC5=NC6=C(S5)N=C(C=C6)Cl
P47900,-1.061,CC1=CC2=C(C=C1)N=C(S2)NC(=O)NC3=CC=CC=C3N4CC5(CCN(CC5)CC(C)(C)C)C6=C4C(=CC(=C6Cl)F)O
P47900,-3.69,C1=CC(=C(C=C1NC(=O)NC2=CC(=CC(=C2)Cl)Cl)Cl)Cl
P47900,-1.447,CC(C)(C)CN1CCC2(CC1)CN(C3=C(C=CC(=C23)Cl)O)C4=CC=CC=C4NC5=NN=C(S5)C6=C(C=CC(=C6)F)Cl
P47900,-2.559,CNC1=NC(=NC2=C1N=CN2C3CC(C(O3)COP(=O)(O)O)OP(=O)(O)O)SC
P47900,-2.191,CC(C)(C)CN1CCC2(CC1)CN(C3=C(C=CC(=C23)Cl)O)C4=CC=CC=C4NC5=NN=C(S5)C6CCOCC6
P47900,-1.204,CC(C)C1=CC=CC=C1OC2=C(C=CC=N2)NC(=O)NC3=CC=C(C=C3)OC(F)(F)F
P47900,-2.652,CCCSC1=NC2=C(C(=N1)NC)N=CN2C3CC(C(O3)COP(=O)(O)O)OP(=O)(O)O
P47900,-1.086,CC(C)(C)CN1CCC2(CC1)CN(C3=C2C(=C(C=C3O)F)Cl)C4=CC=CC=C4NC(=O)NC5=NC6=C(S5)N=C(C=C6)Cl
P47900,-1.568,CC(C)(C)CN1CCC2(CC1)CN(C3=C(C=CC(=C23)Cl)O)C4=CC=CC=C4NC5=NC(=CS5)C6=CC=CC=C6
P47900,-1,CCCCCCSC1=NC2=C(C(=N1)N)N=CN2C3C(C(C(O3)COP(=O)(O)OP(=O)(O)OP(=O)(O)O)O)O
P47900,-0.903,CC(C)(C)CN1CCC2(CC1)CN(C3=C(C=CC(=C23)Cl)O)C4=CC=CC=C4NC5=NC(=NS5)C(C)(C)C
P47900,-4,CC1CN(C2=CC=CC=C2C1NC3=CC=CC=C3)C(=O)C4=CC=C(C=C4)OC
P47900,-1.025,CC(C)CN1CCC2(CC1)CN(C3=C(C=CC(=C23)C(F)(F)F)O)C4=CC=CC=C4NC(=O)NC5=CC=C(C=C5)OC(F)(F)F
P47900,-0.875,CC(C)(C)CN1CCC2(CC1)CN(C3=C2C=CC=C3O)C4=CC=CC=C4NC(=O)NC5=NC6=C(S5)C=C(C=C6)Cl
P47900,-2.29,CC(C)(C)C1=CC=CC=C1OC2=C(C=CC=N2)NC3=NC(=C(S3)C4=CC(=CC=C4)O)C(F)(F)F
P47900,-3.342,Cc1cc(C)c(Nc2cc(S(=O)(=O)[O-])c(N)c3c2C(=O)c2ccccc2C3=O)c(C)c1
P47900,-4.009,Nc1ncnc2c1ncn2C1OC(COP(=O)([S-])OP(=O)([O-])C(Cl)P(=O)([O-])OP([O-])(=S)OCC2OC(n3cnc4c(N)ncnc43)C(O)C2O)C(O)C1O
P47900,-2.623,CSc1nc(N)c2ncn(C3OC(COP(=O)([O-])CP(=O)([O-])OP(=O)([O-])OP(=O)([O-])OCC4OC(n5cnc6c(N)nc(SC)nc65)C(O)C4O)C(O)C3O)c2n1
P47900,-3.867,Nc1nc(Cl)nc2c1ncn2C1OC(COP(=O)([S-])OP(=O)([O-])C(Cl)P(=O)([O-])OP([O-])(=S)OCC2OC(n3cnc4c(N)nc(Cl)nc43)C(O)C2O)C(O)C1O
P47900,-6.26,O=S(=O)([O-])c1cc(S(=O)(=O)O)c2c(N=C([O-])c3ccc(F)c(N=C([O-])c4cccc(NC([O-])=Nc5cccc(C([O-])=Nc6cc(C([O-])=Nc7ccc(S(=O)(=O)O)c8cc(S(=O)(=O)O)cc(S(=O)(=O)O)c78)ccc6F)c5)c4)c3)ccc(S(=O)(=O)O)c2c1
P47900,-3.009,CSc1nc(N)c2ncn(C3OC(COP(=O)([S-])OP(=O)([O-])C(Cl)(Cl)P(=O)([O-])OP([O-])(=S)OCC4OC(n5cnc6c(N)nc(SC)nc65)C(O)C4O)C(O)C3O)c2n1
P47900,-3.954,Nc1ncnc2c1ncn2C1OC(COP(=O)([O-])CP(=O)([O-])OP(=O)([O-])CP(=O)([O-])OCC2OC(n3cnc4c(N)ncnc43)C(O)C2O)C(O)C1O
P47900,-3.462,Nc1c(S(=O)(=O)[O-])cc(Nc2ccc(Nc3nc(Cl)nc(Nc4ccccc4S(=O)(=O)[O-])n3)c(S(=O)(=O)[O-])c2)c2c1C(=O)c1ccccc1C2=O
P47900,-3.35,Nc1nc(Br)nc2c1ncn2C1OC(COP(=O)([S-])OP(=O)([O-])C(Cl)P(=O)([O-])OP([O-])(=S)OCC2OC(n3cnc4c(N)nc(Br)nc43)C(O)C2O)C(O)C1O
P47900,-2.663,CSc1nc(N)c2ncn(C3OC(COP(=O)([O-])OP(=O)([O-])CP(=O)([O-])OP(=O)([O-])OCC4OC(n5cnc6c(N)nc(SC)nc65)C(O)C4O)C(O)C3O)c2n1
P47900,-4.462,CSc1nc(N)c2ncn(C3OC(COP(=O)([O-])OP(=O)([O-])C(Cl)P(=O)([O-])OP(=O)([O-])OCC4OC(n5cnc6c(N)nc(SC)nc65)C(O)C4O)C(O)C3O)c2n1
P47900,-3.294,CNc1ncnc2c1ncn2C1OC(COP(=O)([S-])OP(=O)([O-])C(Cl)P(=O)([O-])OP([O-])(=S)OCC2OC(n3cnc4c(NC)ncnc43)C(O)C2O)C(O)C1O
P47900,0.4,CSc1nc(N)c2ncn(C3C(O)C(O)C4(COP(=O)([O-])OP(=O)([O-])[O-])CC34)c2n1
P47900,-3.799,CCCSc1nc(N)c2ncn(C3OC(COP(=O)([S-])OP(=O)([O-])C(Cl)P(=O)([O-])OP([O-])(=S)OCC4OC(n5cnc6c(N)nc(SCCC)nc65)C(O)C4O)C(O)C3O)c2n1
P47900,-3.423,Nc1nc(I)nc2c1ncn2C1OC(COP(=O)([S-])OP(=O)([O-])C(Cl)P(=O)([O-])OP([O-])(=S)OCC2OC(n3cnc4c(N)nc(I)nc43)C(O)C2O)C(O)C1O
P47900,-2.706,CNc1ncnc2c1ncn2C1CC(OP(=O)([O-])[O-])C(COP(=O)(O)O)O1
P47900,-2.556,CNc1nc(SC)nc2c1ncn2C1OC(COP(=O)([S-])OP(=O)([O-])C(Cl)P(=O)([O-])OP([O-])(=S)OCC2OC(n3cnc4c(NC)nc(SC)nc43)C(O)C2O)C(O)C1O
P47900,-3.332,CSc1nc(N)c2ncn(C3OC(COP(=O)([S-])OP(=O)([O-])C(Cl)P(=O)([O-])OP([O-])(=S)OCC4OC(n5cnc6c(N)nc(SC)nc65)C(O)C4O)C(O)C3O)c2n1
P47900,-3.944,CCCNc1ncnc2c1ncn2C1OC(COP(=O)([S-])OP(=O)([O-])C(Cl)P(=O)([O-])OP([O-])(=S)OCC2OC(n3cnc4c(NCCC)ncnc43)C(O)C2O)C(O)C1O
P47900,-3.69,CSc1nc(N)c2ncn(C3OC(COP(=O)([O-])OP(=O)([O-])OP(=O)([O-])OP(=O)([O-])OCC4OC(n5cnc6c(N)nc(SC)nc65)C(O)C4O)C(O)C3O)c2n1
P47900,-4.477,Nc1ncnc2c1ncn2C1CC(O)C(COP(=O)([O-])CP(=O)([O-])OP(=O)([O-])CP(=O)([O-])OCC2OC(n3cnc4c(N)ncnc43)CC2O)O1
P47900,-2.204,CSc1nc(N)c2ncn(C3OC(COP(=O)([S-])OP(=O)([O-])OP(=O)([O-])OP([O-])(=S)OCC4OC(n5cnc6c(N)nc(SC)nc65)C(O)C4O)C(O)C3O)c2n1
P47900,-3.982,CCSc1nc(N)c2ncn(C3OC(COP(=O)([S-])OP(=O)([O-])C(Cl)P(=O)([O-])OP([O-])(=S)OCC4OC(n5cnc6c(N)nc(SCC)nc65)C(O)C4O)C(O)C3O)c2n1
P47900,-3.716,Nc1nc(SCCC(F)(F)F)nc2c1ncn2C1OC(COP(=O)([S-])OP(=O)([O-])C(Cl)P(=O)([O-])OP([O-])(=S)OCC2OC(n3cnc4c(N)nc(SCCC(F)(F)F)nc43)C(O)C2O)C(O)C1O
P47900,-3.624,CCCCCSc1nc(N)c2ncn(C3OC(COP(=O)([S-])OP(=O)([O-])C(Cl)P(=O)([O-])OP([O-])(=S)OCC4OC(n5cnc6c(N)nc(SCCCCC)nc65)C(O)C4O)C(O)C3O)c2n1
